policy,seed,day,spend,impressions,clicks,conversions,cumulative_spend,cumulative_clicks,cumulative_conversions
static,0,1,57142.85714285714,237703,4729,144,57142.85714285714,4729,144
static,0,2,57142.85714285714,237645,4641,139,114285.71428571426,9370,283
static,0,3,57142.85714285714,237855,4719,124,171428.5714285714,14089,407
static,0,4,57142.85714285714,237568,4681,127,228571.42857142852,18770,534
static,0,5,57142.85714285714,237432,4639,142,285714.2857142856,23409,676
static,0,6,57142.85714285714,237506,4381,153,342857.1428571427,27790,829
static,0,7,57142.85714285714,237245,4432,140,399999.9999999998,32222,969
static,0,8,57142.85714285714,236887,4579,137,457142.8571428569,36801,1106
static,0,9,57142.85714285714,237171,4586,151,514285.714285714,41387,1257
static,0,10,57142.85714285714,237349,4697,131,571428.5714285712,46084,1388
static,0,11,57142.85714285714,236900,4649,143,628571.4285714284,50733,1531
static,0,12,57142.85714285714,237047,4569,151,685714.2857142856,55302,1682
static,0,13,57142.85714285714,237325,4570,143,742857.1428571427,59872,1825
static,0,14,57142.85714285714,238047,4313,142,799999.9999999999,64185,1967
static,0,15,57142.85714285714,238067,4623,138,857142.857142857,68808,2105
static,0,16,57142.85714285714,237507,4666,152,914285.7142857142,73474,2257
static,0,17,57142.85714285714,237405,4577,152,971428.5714285714,78051,2409
static,0,18,57142.85714285714,236952,4609,138,1028571.4285714285,82660,2547
static,0,19,57142.85714285714,237308,4646,149,1085714.2857142857,87306,2696
static,0,20,57142.85714285714,236416,4321,144,1142857.1428571427,91627,2840
static,0,21,57142.85714285714,237188,4319,144,1199999.9999999998,95946,2984
periodic_reoptimization,0,1,57142.85714285714,237703,4729,144,57142.85714285714,4729,144
periodic_reoptimization,0,2,57142.85714285714,237645,4641,139,114285.71428571426,9370,283
periodic_reoptimization,0,3,57142.85714285714,237855,4719,124,171428.5714285714,14089,407
periodic_reoptimization,0,4,57142.85714285714,194391,3927,96,228571.42857142855,18016,503
periodic_reoptimization,0,5,57142.85714285714,194766,3925,112,285714.2857142857,21941,615
periodic_reoptimization,0,6,57142.85714285714,194219,3877,128,342857.14285714284,25818,743
periodic_reoptimization,0,7,57142.857142857145,113980,3294,134,399999.99999999994,29112,877
periodic_reoptimization,0,8,57142.857142857145,113147,3028,111,457142.85714285704,32140,988
periodic_reoptimization,0,9,57142.85714285715,113085,3184,118,514285.7142857142,35324,1106
periodic_reoptimization,0,10,57142.85714285715,112465,3055,110,571428.5714285714,38379,1216
periodic_reoptimization,0,11,57142.85714285715,112420,2993,113,628571.4285714284,41372,1329
periodic_reoptimization,0,12,57142.85714285716,112135,3029,110,685714.2857142856,44401,1439
periodic_reoptimization,0,13,57142.85714285716,123325,3397,123,742857.1428571427,47798,1562
periodic_reoptimization,0,14,57142.85714285716,122751,3516,135,799999.9999999999,51314,1697
periodic_reoptimization,0,15,57142.85714285716,123333,3155,130,857142.857142857,54469,1827
periodic_reoptimization,0,16,57142.85714285716,112462,3031,118,914285.7142857142,57500,1945
periodic_reoptimization,0,17,57142.85714285716,112837,3100,133,971428.5714285714,60600,2078
periodic_reoptimization,0,18,57142.85714285716,113154,3042,123,1028571.4285714285,63642,2201
periodic_reoptimization,0,19,57142.85714285716,113531,3070,116,1085714.2857142857,66712,2317
periodic_reoptimization,0,20,57142.85714285716,113109,3337,121,1142857.1428571427,70049,2438
periodic_reoptimization,0,21,57142.85714285716,113030,3182,130,1199999.9999999998,73231,2568
thompson_sampling,0,1,57142.857142857145,203082,3887,114,57142.857142857145,3887,114
thompson_sampling,0,2,57142.857142857145,185023,3526,134,114285.71428571429,7413,248
thompson_sampling,0,3,57142.85714285714,224766,4067,139,171428.57142857142,11480,387
thompson_sampling,0,4,57142.857142857145,200097,3727,132,228571.42857142858,15207,519
thompson_sampling,0,5,57142.85714285714,150408,3589,142,285714.28571428574,18796,661
thompson_sampling,0,6,57142.857142857145,143712,3607,120,342857.1428571429,22403,781
thompson_sampling,0,7,57142.85714285714,126467,3222,126,400000.00000000006,25625,907
thompson_sampling,0,8,57142.857142857145,115759,3218,127,457142.8571428572,28843,1034
thompson_sampling,0,9,57142.85714285713,185631,3991,141,514285.7142857143,32834,1175
thompson_sampling,0,10,57142.85714285714,113779,3057,111,571428.5714285715,35891,1286
thompson_sampling,0,11,57142.85714285714,146376,3421,146,628571.4285714286,39312,1432
thompson_sampling,0,12,57142.85714285714,172320,3595,121,685714.2857142858,42907,1553
thompson_sampling,0,13,57142.85714285713,151395,3766,122,742857.142857143,46673,1675
thompson_sampling,0,14,57142.85714285713,181217,3180,107,800000.0000000001,49853,1782
thompson_sampling,0,15,57142.85714285712,150275,3580,109,857142.8571428573,53433,1891
thompson_sampling,0,16,57142.85714285712,115038,3235,128,914285.7142857144,56668,2019
thompson_sampling,0,17,57142.857142857116,146671,3507,104,971428.5714285716,60175,2123
thompson_sampling,0,18,57142.8571428571,136692,3177,137,1028571.4285714286,63352,2260
thompson_sampling,0,19,57142.85714285712,114927,3151,121,1085714.2857142857,66503,2381
thompson_sampling,0,20,57142.85714285716,141074,3644,134,1142857.1428571427,70147,2515
thompson_sampling,0,21,57142.857142857276,151313,3781,138,1200000.0,73928,2653
linucb,0,1,57142.857142857145,268214,4749,150,57142.857142857145,4749,150
linucb,0,2,57142.857142857145,291530,4745,153,114285.71428571429,9494,303
linucb,0,3,57142.85714285714,291037,4752,167,171428.57142857142,14246,470
linucb,0,4,57142.857142857145,291745,4887,159,228571.42857142858,19133,629
linucb,0,5,57142.85714285714,291415,4890,151,285714.28571428574,24023,780
linucb,0,6,57142.857142857145,240939,4474,140,342857.1428571429,28497,920
linucb,0,7,57142.85714285714,265414,4343,134,400000.00000000006,32840,1054
linucb,0,8,57142.857142857145,292255,4779,150,457142.8571428572,37619,1204
linucb,0,9,57142.85714285713,292624,4818,152,514285.7142857143,42437,1356
linucb,0,10,57142.85714285714,291037,4720,156,571428.5714285715,47157,1512
linucb,0,11,57142.85714285714,291614,4708,167,628571.4285714286,51865,1679
linucb,0,12,57142.85714285714,292553,4681,155,685714.2857142858,56546,1834
linucb,0,13,57142.85714285713,240968,4341,121,742857.142857143,60887,1955
linucb,0,14,57142.85714285713,237275,4370,121,800000.0000000001,65257,2076
linucb,0,15,57142.85714285712,291410,4770,159,857142.8571428573,70027,2235
linucb,0,16,57142.85714285712,291611,4788,168,914285.7142857144,74815,2403
linucb,0,17,57142.857142857116,273934,4780,131,971428.5714285716,79595,2534
linucb,0,18,57142.8571428571,291877,4786,156,1028571.4285714286,84381,2690
linucb,0,19,57142.85714285712,292421,4839,182,1085714.2857142857,89220,2872
linucb,0,20,57142.85714285716,240739,4370,144,1142857.1428571427,93590,3016
linucb,0,21,57142.857142857276,238677,4324,144,1200000.0,97914,3160
oracle,0,1,57142.857142857145,291959,4875,161,57142.857142857145,4875,161
oracle,0,2,57142.857142857145,291983,4695,164,114285.71428571429,9570,325
oracle,0,3,57142.85714285714,291037,4752,167,171428.57142857142,14322,492
oracle,0,4,57142.857142857145,291745,4887,159,228571.42857142858,19209,651
oracle,0,5,57142.85714285714,291415,4889,151,285714.28571428574,24098,802
oracle,0,6,57142.857142857145,292103,4160,137,342857.1428571429,28258,939
oracle,0,7,57142.85714285714,291939,3997,135,400000.00000000006,32255,1074
oracle,0,8,57142.857142857145,291946,4726,198,457142.8571428572,36981,1272
oracle,0,9,57142.85714285713,292860,4799,162,514285.7142857143,41780,1434
oracle,0,10,57142.85714285714,291417,4710,156,571428.5714285715,46490,1590
oracle,0,11,57142.85714285714,291849,4759,169,628571.4285714286,51249,1759
oracle,0,12,57142.85714285714,291687,4665,155,685714.2857142858,55914,1914
oracle,0,13,57142.85714285713,291957,4052,124,742857.142857143,59966,2038
oracle,0,14,57142.85714285713,292106,3998,123,800000.0000000001,63964,2161
oracle,0,15,57142.85714285712,292460,4657,158,857142.8571428573,68621,2319
oracle,0,16,57142.85714285712,291689,4697,179,914285.7142857144,73318,2498
oracle,0,17,57142.857142857116,290442,4746,130,971428.5714285716,78064,2628
oracle,0,18,57142.8571428571,291756,4795,187,1028571.4285714286,82859,2815
oracle,0,19,57142.85714285712,292349,4913,161,1085714.2857142857,87772,2976
oracle,0,20,57142.857142857145,291629,3985,131,1142857.1428571427,91757,3107
oracle,0,21,57142.857142857145,291650,4021,146,1199999.9999999998,95778,3253
static,1,1,57142.85714285714,241400,5026,201,57142.85714285714,5026,201
static,1,2,57142.85714285714,240398,5218,188,114285.71428571426,10244,389
static,1,3,57142.85714285714,242024,5151,181,171428.5714285714,15395,570
static,1,4,57142.85714285714,241766,5159,173,228571.42857142852,20554,743
static,1,5,57142.85714285714,239824,5089,208,285714.2857142856,25643,951
static,1,6,57142.85714285714,241165,5422,185,342857.1428571427,31065,1136
static,1,7,57142.85714285714,241208,5474,169,399999.9999999998,36539,1305
static,1,8,57142.85714285714,241102,5120,171,457142.8571428569,41659,1476
static,1,9,57142.85714285714,240628,5154,157,514285.714285714,46813,1633
static,1,10,57142.85714285714,240363,5034,157,571428.5714285712,51847,1790
static,1,11,57142.85714285714,241609,5090,198,628571.4285714284,56937,1988
static,1,12,57142.85714285714,241176,5192,187,685714.2857142856,62129,2175
static,1,13,57142.85714285714,240362,5440,179,742857.1428571427,67569,2354
static,1,14,57142.85714285714,241020,5429,207,799999.9999999999,72998,2561
static,1,15,57142.85714285714,241132,5124,158,857142.857142857,78122,2719
static,1,16,57142.85714285714,241019,4972,150,914285.7142857142,83094,2869
static,1,17,57142.85714285714,241199,5175,176,971428.5714285714,88269,3045
static,1,18,57142.85714285714,241248,5106,174,1028571.4285714285,93375,3219
static,1,19,57142.85714285714,240850,5202,202,1085714.2857142857,98577,3421
static,1,20,57142.85714285714,240723,5343,181,1142857.1428571427,103920,3602
static,1,21,57142.85714285714,240970,5467,201,1199999.9999999998,109387,3803
periodic_reoptimization,1,1,57142.85714285714,241400,5026,201,57142.85714285714,5026,201
periodic_reoptimization,1,2,57142.85714285714,240398,5218,188,114285.71428571426,10244,389
periodic_reoptimization,1,3,57142.85714285714,242024,5151,181,171428.5714285714,15395,570
periodic_reoptimization,1,4,57142.857142857145,278750,4316,192,228571.42857142852,19711,762
periodic_reoptimization,1,5,57142.857142857145,278429,4259,203,285714.2857142857,23970,965
periodic_reoptimization,1,6,57142.857142857145,277745,4839,218,342857.14285714284,28809,1183
periodic_reoptimization,1,7,57142.857142857145,277123,4936,221,400000.0,33745,1404
periodic_reoptimization,1,8,57142.857142857145,277359,4445,186,457142.85714285716,38190,1590
periodic_reoptimization,1,9,57142.857142857145,276669,4449,207,514285.7142857143,42639,1797
periodic_reoptimization,1,10,57142.85714285714,278844,4368,189,571428.5714285715,47007,1986
periodic_reoptimization,1,11,57142.85714285714,278127,4273,191,628571.4285714286,51280,2177
periodic_reoptimization,1,12,57142.85714285714,277372,4195,169,685714.2857142858,55475,2346
periodic_reoptimization,1,13,57142.85714285713,273736,4945,222,742857.142857143,60420,2568
periodic_reoptimization,1,14,57142.85714285713,273653,5087,218,800000.0000000001,65507,2786
periodic_reoptimization,1,15,57142.85714285712,274071,4450,182,857142.8571428573,69957,2968
periodic_reoptimization,1,16,57142.85714285712,276030,4419,202,914285.7142857144,74376,3170
periodic_reoptimization,1,17,57142.857142857116,277508,4385,191,971428.5714285716,78761,3361
periodic_reoptimization,1,18,57142.8571428571,276673,4321,183,1028571.4285714288,83082,3544
periodic_reoptimization,1,19,57142.85714285708,277859,4355,203,1085714.2857142857,87437,3747
periodic_reoptimization,1,20,57142.85714285708,276555,4843,201,1142857.1428571427,92280,3948
periodic_reoptimization,1,21,57142.85714285708,276376,4948,219,1199999.9999999998,97228,4167
thompson_sampling,1,1,57142.857142857145,248061,5253,172,57142.857142857145,5253,172
thompson_sampling,1,2,57142.857142857145,193140,4795,154,114285.71428571429,10048,326
thompson_sampling,1,3,57142.85714285714,248367,3626,95,171428.57142857142,13674,421
thompson_sampling,1,4,57142.857142857145,250711,4542,179,228571.42857142858,18216,600
thompson_sampling,1,5,57142.85714285714,223175,5140,179,285714.28571428574,23356,779
thompson_sampling,1,6,57142.857142857145,299214,5177,223,342857.1428571429,28533,1002
thompson_sampling,1,7,57142.85714285714,299281,5218,213,400000.00000000006,33751,1215
thompson_sampling,1,8,57142.857142857145,276738,4984,190,457142.8571428572,38735,1405
thompson_sampling,1,9,57142.85714285713,299980,4727,190,514285.7142857143,43462,1595
thompson_sampling,1,10,57142.85714285714,299537,4598,151,571428.5714285715,48060,1746
thompson_sampling,1,11,57142.85714285714,298599,4836,193,628571.4285714286,52896,1939
thompson_sampling,1,12,57142.85714285714,284073,5021,164,685714.2857142858,57917,2103
thompson_sampling,1,13,57142.85714285713,299535,5263,230,742857.142857143,63180,2333
thompson_sampling,1,14,57142.85714285713,270078,5389,212,800000.0000000001,68569,2545
thompson_sampling,1,15,57142.85714285712,274679,4610,182,857142.8571428573,73179,2727
thompson_sampling,1,16,57142.85714285712,296981,4611,174,914285.7142857144,77790,2901
thompson_sampling,1,17,57142.857142857116,290158,4542,190,971428.5714285716,82332,3091
thompson_sampling,1,18,57142.8571428571,275348,4643,188,1028571.4285714286,86975,3279
thompson_sampling,1,19,57142.85714285712,290432,4533,192,1085714.2857142857,91508,3471
thompson_sampling,1,20,57142.85714285716,277006,5290,200,1142857.1428571427,96798,3671
thompson_sampling,1,21,57142.857142857276,290102,5270,222,1200000.0,102068,3893
linucb,1,1,57142.857142857145,186170,5326,174,57142.857142857145,5326,174
linucb,1,2,57142.857142857145,259022,4782,188,114285.71428571429,10108,362
linucb,1,3,57142.85714285714,277996,4403,205,171428.57142857142,14511,567
linucb,1,4,57142.857142857145,266397,4667,181,228571.42857142858,19178,748
linucb,1,5,57142.85714285714,259085,4762,181,285714.28571428574,23940,929
linucb,1,6,57142.857142857145,259507,5290,180,342857.1428571429,29230,1109
linucb,1,7,57142.85714285714,278620,4969,207,400000.00000000006,34199,1316
linucb,1,8,57142.857142857145,279134,4288,213,457142.8571428572,38487,1529
linucb,1,9,57142.85714285713,278314,4283,204,514285.7142857143,42770,1733
linucb,1,10,57142.85714285714,278702,4384,211,571428.5714285715,47154,1944
linucb,1,11,57142.85714285714,279079,4305,156,628571.4285714286,51459,2100
linucb,1,12,57142.85714285714,278497,4300,209,685714.2857142858,55759,2309
linucb,1,13,57142.85714285713,278732,4954,228,742857.142857143,60713,2537
linucb,1,14,57142.85714285713,277832,4919,244,800000.0000000001,65632,2781
linucb,1,15,57142.85714285712,278489,4300,190,857142.8571428573,69932,2971
linucb,1,16,57142.85714285712,278433,4289,192,914285.7142857144,74221,3163
linucb,1,17,57142.857142857116,278773,4378,212,971428.5714285716,78599,3375
linucb,1,18,57142.8571428571,278727,4319,195,1028571.4285714286,82918,3570
linucb,1,19,57142.85714285712,279367,4360,178,1085714.2857142857,87278,3748
linucb,1,20,57142.85714285716,279268,5105,233,1142857.1428571427,92383,3981
linucb,1,21,57142.857142857276,279033,4901,233,1200000.0,97284,4214
oracle,1,1,57142.857142857145,278451,4303,220,57142.857142857145,4303,220
oracle,1,2,57142.857142857145,277887,4317,223,114285.71428571429,8620,443
oracle,1,3,57142.85714285714,277981,4396,191,171428.57142857142,13016,634
oracle,1,4,57142.857142857145,279077,4293,182,228571.42857142858,17309,816
oracle,1,5,57142.85714285714,278880,4332,179,285714.28571428574,21641,995
oracle,1,6,57142.857142857145,277469,4777,218,342857.1428571429,26418,1213
oracle,1,7,57142.85714285714,278470,5000,222,400000.00000000006,31418,1435
oracle,1,8,57142.857142857145,278392,4287,198,457142.8571428572,35705,1633
oracle,1,9,57142.85714285713,278696,4407,206,514285.7142857143,40112,1839
oracle,1,10,57142.85714285714,279302,4279,150,571428.5714285715,44391,1989
oracle,1,11,57142.85714285714,279131,4358,193,628571.4285714286,48749,2182
oracle,1,12,57142.85714285714,278908,4271,180,685714.2857142858,53020,2362
oracle,1,13,57142.85714285713,277732,4760,196,742857.142857143,57780,2558
oracle,1,14,57142.85714285713,278629,4981,227,800000.0000000001,62761,2785
oracle,1,15,57142.85714285712,278061,4230,193,857142.8571428573,66991,2978
oracle,1,16,57142.85714285712,278969,4347,181,914285.7142857144,71338,3159
oracle,1,17,57142.857142857116,277444,4415,175,971428.5714285716,75753,3334
oracle,1,18,57142.8571428571,278896,4320,194,1028571.4285714286,80073,3528
oracle,1,19,57142.85714285712,278045,4259,203,1085714.2857142857,84332,3731
oracle,1,20,57142.857142857145,277910,4902,228,1142857.1428571427,89234,3959
oracle,1,21,57142.857142857145,278066,4772,220,1199999.9999999998,94006,4179
static,2,1,57142.85714285714,201007,3924,100,57142.85714285714,3924,100
static,2,2,57142.85714285714,201405,3939,138,114285.71428571426,7863,238
static,2,3,57142.85714285714,202112,3766,115,171428.5714285714,11629,353
static,2,4,57142.85714285714,202176,3997,122,228571.42857142852,15626,475
static,2,5,57142.85714285714,201439,3864,115,285714.2857142856,19490,590
static,2,6,57142.85714285714,201748,3925,124,342857.1428571427,23415,714
static,2,7,57142.85714285714,201505,3881,118,399999.9999999998,27296,832
static,2,8,57142.85714285714,201491,3894,132,457142.8571428569,31190,964
static,2,9,57142.85714285714,202126,3926,116,514285.714285714,35116,1080
static,2,10,57142.85714285714,201569,3972,115,571428.5714285712,39088,1195
static,2,11,57142.85714285714,201405,3852,122,628571.4285714284,42940,1317
static,2,12,57142.85714285714,201235,3846,120,685714.2857142856,46786,1437
static,2,13,57142.85714285714,201554,3775,140,742857.1428571427,50561,1577
static,2,14,57142.85714285714,201835,3861,118,799999.9999999999,54422,1695
static,2,15,57142.85714285714,202049,3867,105,857142.857142857,58289,1800
static,2,16,57142.85714285714,201416,3894,112,914285.7142857142,62183,1912
static,2,17,57142.85714285714,201504,3772,131,971428.5714285714,65955,2043
static,2,18,57142.85714285714,201503,3860,143,1028571.4285714285,69815,2186
static,2,19,57142.85714285714,201824,3837,120,1085714.2857142857,73652,2306
static,2,20,57142.85714285714,201832,3763,110,1142857.1428571427,77415,2416
static,2,21,57142.85714285714,201799,3904,134,1199999.9999999998,81319,2550
periodic_reoptimization,2,1,57142.85714285714,201007,3924,100,57142.85714285714,3924,100
periodic_reoptimization,2,2,57142.85714285714,201405,3939,138,114285.71428571426,7863,238
periodic_reoptimization,2,3,57142.85714285714,202112,3766,115,171428.5714285714,11629,353
periodic_reoptimization,2,4,57142.857142857145,179707,4598,131,228571.42857142855,16227,484
periodic_reoptimization,2,5,57142.857142857145,178918,4541,127,285714.2857142856,20768,611
periodic_reoptimization,2,6,57142.857142857145,179950,4735,150,342857.1428571427,25503,761
periodic_reoptimization,2,7,57142.85714285715,167298,4461,132,399999.9999999999,29964,893
periodic_reoptimization,2,8,57142.85714285715,166967,4540,154,457142.85714285704,34504,1047
periodic_reoptimization,2,9,57142.85714285715,168628,4406,146,514285.7142857142,38910,1193
periodic_reoptimization,2,10,57142.857142857145,128501,4196,136,571428.5714285712,43106,1329
periodic_reoptimization,2,11,57142.857142857145,128240,4026,131,628571.4285714283,47132,1460
periodic_reoptimization,2,12,57142.857142857145,127931,4001,129,685714.2857142853,51133,1589
periodic_reoptimization,2,13,57142.85714285718,128781,4156,161,742857.1428571425,55289,1750
periodic_reoptimization,2,14,57142.85714285718,128329,4060,141,799999.9999999997,59349,1891
periodic_reoptimization,2,15,57142.85714285718,129583,4209,135,857142.8571428568,63558,2026
periodic_reoptimization,2,16,57142.85714285719,132489,4175,122,914285.714285714,67733,2148
periodic_reoptimization,2,17,57142.85714285719,131585,4119,152,971428.5714285711,71852,2300
periodic_reoptimization,2,18,57142.85714285719,132188,4101,144,1028571.4285714283,75953,2444
periodic_reoptimization,2,19,57142.85714285724,129491,4207,148,1085714.2857142854,80160,2592
periodic_reoptimization,2,20,57142.85714285725,129964,4304,153,1142857.1428571427,84464,2745
periodic_reoptimization,2,21,57142.85714285725,129552,3980,140,1200000.0,88444,2885
thompson_sampling,2,1,57142.857142857145,176562,3916,102,57142.857142857145,3916,102
thompson_sampling,2,2,57142.857142857145,154351,2592,107,114285.71428571429,6508,209
thompson_sampling,2,3,57142.85714285714,122365,3386,132,171428.57142857142,9894,341
thompson_sampling,2,4,57142.857142857145,142758,3890,112,228571.42857142858,13784,453
thompson_sampling,2,5,57142.85714285714,159451,3914,127,285714.28571428574,17698,580
thompson_sampling,2,6,57142.857142857145,126357,3787,142,342857.1428571429,21485,722
thompson_sampling,2,7,57142.85714285714,163001,4257,126,400000.00000000006,25742,848
thompson_sampling,2,8,57142.857142857145,159566,3954,137,457142.8571428572,29696,985
thompson_sampling,2,9,57142.85714285713,126171,3772,135,514285.7142857143,33468,1120
thompson_sampling,2,10,57142.85714285714,181527,4033,154,571428.5714285715,37501,1274
thompson_sampling,2,11,57142.85714285714,159791,4012,136,628571.4285714286,41513,1410
thompson_sampling,2,12,57142.85714285714,177978,3625,139,685714.2857142858,45138,1549
thompson_sampling,2,13,57142.85714285713,163829,3714,104,742857.142857143,48852,1653
thompson_sampling,2,14,57142.85714285713,184057,4405,130,800000.0000000001,53257,1783
thompson_sampling,2,15,57142.85714285712,179847,3983,127,857142.8571428573,57240,1910
thompson_sampling,2,16,57142.85714285712,204785,4255,121,914285.7142857144,61495,2031
thompson_sampling,2,17,57142.857142857116,177521,3807,154,971428.5714285716,65302,2185
thompson_sampling,2,18,57142.8571428571,183699,4196,138,1028571.4285714286,69498,2323
thompson_sampling,2,19,57142.85714285712,180917,4130,133,1085714.2857142857,73628,2456
thompson_sampling,2,20,57142.85714285716,167604,4080,113,1142857.1428571427,77708,2569
thompson_sampling,2,21,57142.857142857276,160183,3852,115,1200000.0,81560,2684
linucb,2,1,57142.857142857145,181192,4249,110,57142.857142857145,4249,110
linucb,2,2,57142.857142857145,157790,4035,141,114285.71428571429,8284,251
linucb,2,3,57142.85714285714,122319,3850,157,171428.57142857142,12134,408
linucb,2,4,57142.857142857145,148163,4069,120,228571.42857142858,16203,528
linucb,2,5,57142.85714285714,125714,4040,154,285714.28571428574,20243,682
linucb,2,6,57142.857142857145,182212,4179,120,342857.1428571429,24422,802
linucb,2,7,57142.85714285714,166211,4905,145,400000.00000000006,29327,947
linucb,2,8,57142.857142857145,126455,4056,129,457142.8571428572,33383,1076
linucb,2,9,57142.85714285713,129532,4202,122,514285.7142857143,37585,1198
linucb,2,10,57142.85714285714,127280,4057,137,571428.5714285715,41642,1335
linucb,2,11,57142.85714285714,125303,4052,151,628571.4285714286,45694,1486
linucb,2,12,57142.85714285714,122373,3839,146,685714.2857142858,49533,1632
linucb,2,13,57142.85714285713,189167,4939,137,742857.142857143,54472,1769
linucb,2,14,57142.85714285713,217137,4728,123,800000.0000000001,59200,1892
linucb,2,15,57142.85714285712,157473,4018,136,857142.8571428573,63218,2028
linucb,2,16,57142.85714285712,157508,4003,129,914285.7142857144,67221,2157
linucb,2,17,57142.857142857116,191179,4412,159,971428.5714285716,71633,2316
linucb,2,18,57142.8571428571,219856,4215,135,1028571.4285714286,75848,2451
linucb,2,19,57142.85714285712,182450,4302,131,1085714.2857142857,80150,2582
linucb,2,20,57142.85714285716,216640,4643,125,1142857.1428571427,84793,2707
linucb,2,21,57142.857142857276,165305,4506,137,1200000.0,89299,2844
oracle,2,1,57142.857142857145,130875,4135,110,57142.857142857145,4135,110
oracle,2,2,57142.857142857145,132247,4193,160,114285.71428571429,8328,270
oracle,2,3,57142.85714285714,132424,4068,144,171428.57142857142,12396,414
oracle,2,4,57142.857142857145,131780,4176,153,228571.42857142858,16572,567
oracle,2,5,57142.85714285714,131984,4090,124,285714.28571428574,20662,691
oracle,2,6,57142.857142857145,131607,4084,131,342857.1428571429,24746,822
oracle,2,7,57142.85714285714,132225,3976,148,400000.00000000006,28722,970
oracle,2,8,57142.857142857145,131622,4196,147,457142.8571428572,32918,1117
oracle,2,9,57142.85714285713,131718,4047,153,514285.7142857144,36965,1270
oracle,2,10,57142.85714285714,131799,4145,130,571428.5714285715,41110,1400
oracle,2,11,57142.85714285714,131671,4044,131,628571.4285714286,45154,1531
oracle,2,12,57142.85714285714,131235,4027,130,685714.2857142858,49181,1661
oracle,2,13,57142.85714285713,131938,4097,148,742857.142857143,53278,1809
oracle,2,14,57142.85714285713,131569,4044,146,800000.0000000001,57322,1955
oracle,2,15,57142.85714285712,132724,4087,124,857142.8571428573,61409,2079
oracle,2,16,57142.85714285712,131720,4080,127,914285.7142857144,65489,2206
oracle,2,17,57142.857142857116,131237,3907,141,971428.5714285716,69396,2347
oracle,2,18,57142.8571428571,131595,3926,150,1028571.4285714288,73322,2497
oracle,2,19,57142.85714285708,131953,4150,134,1085714.2857142857,77472,2631
oracle,2,20,57142.857142857145,131683,3960,128,1142857.1428571427,81432,2759
oracle,2,21,57142.857142857145,132272,3984,125,1199999.9999999998,85416,2884
static,3,1,57142.85714285714,199766,3810,130,57142.85714285714,3810,130
static,3,2,57142.85714285714,200015,3790,122,114285.71428571426,7600,252
static,3,3,57142.85714285714,199451,3763,108,171428.5714285714,11363,360
static,3,4,57142.85714285714,199885,3833,103,228571.42857142852,15196,463
static,3,5,57142.85714285714,199709,3787,135,285714.2857142856,18983,598
static,3,6,57142.85714285714,199745,4039,118,342857.1428571427,23022,716
static,3,7,57142.85714285714,200433,4126,121,399999.9999999998,27148,837
static,3,8,57142.85714285714,199866,3767,114,457142.8571428569,30915,951
static,3,9,57142.85714285714,200002,3898,113,514285.714285714,34813,1064
static,3,10,57142.85714285714,199895,3881,123,571428.5714285712,38694,1187
static,3,11,57142.85714285714,200346,3901,116,628571.4285714284,42595,1303
static,3,12,57142.85714285714,200009,3786,127,685714.2857142856,46381,1430
static,3,13,57142.85714285714,199839,3938,122,742857.1428571427,50319,1552
static,3,14,57142.85714285714,199822,4015,138,799999.9999999999,54334,1690
static,3,15,57142.85714285714,199952,3737,119,857142.857142857,58071,1809
static,3,16,57142.85714285714,200091,3878,106,914285.7142857142,61949,1915
static,3,17,57142.85714285714,199842,3730,103,971428.5714285714,65679,2018
static,3,18,57142.85714285714,199769,3807,104,1028571.4285714285,69486,2122
static,3,19,57142.85714285714,199811,3765,106,1085714.2857142857,73251,2228
static,3,20,57142.85714285714,200278,3873,113,1142857.1428571427,77124,2341
static,3,21,57142.85714285714,199897,3899,112,1199999.9999999998,81023,2453
periodic_reoptimization,3,1,57142.85714285714,199766,3810,130,57142.85714285714,3810,130
periodic_reoptimization,3,2,57142.85714285714,200015,3790,122,114285.71428571426,7600,252
periodic_reoptimization,3,3,57142.85714285714,199451,3763,108,171428.5714285714,11363,360
periodic_reoptimization,3,4,57142.857142857145,204807,4404,116,228571.42857142852,15767,476
periodic_reoptimization,3,5,57142.857142857145,204816,4378,121,285714.2857142857,20145,597
periodic_reoptimization,3,6,57142.857142857145,204095,4439,141,342857.14285714284,24584,738
periodic_reoptimization,3,7,57142.857142857145,187893,4284,144,399999.99999999994,28868,882
periodic_reoptimization,3,8,57142.857142857145,188462,4161,129,457142.85714285704,33029,1011
periodic_reoptimization,3,9,57142.857142857145,188773,4140,140,514285.71428571414,37169,1151
periodic_reoptimization,3,10,57142.85714285716,201880,4484,129,571428.5714285714,41653,1280
periodic_reoptimization,3,11,57142.85714285715,202542,4616,155,628571.4285714286,46269,1435
periodic_reoptimization,3,12,57142.85714285714,202307,4386,113,685714.2857142858,50655,1548
periodic_reoptimization,3,13,57142.85714285713,195356,4627,137,742857.142857143,55282,1685
periodic_reoptimization,3,14,57142.85714285713,195877,4596,139,800000.0000000001,59878,1824
periodic_reoptimization,3,15,57142.85714285712,196021,4407,131,857142.8571428573,64285,1955
periodic_reoptimization,3,16,57142.85714285712,175348,4277,145,914285.7142857144,68562,2100
periodic_reoptimization,3,17,57142.857142857116,175570,4292,139,971428.5714285716,72854,2239
periodic_reoptimization,3,18,57142.8571428571,175422,4250,126,1028571.4285714286,77104,2365
periodic_reoptimization,3,19,57142.85714285711,170177,4308,134,1085714.285714286,81412,2499
periodic_reoptimization,3,20,57142.85714285704,170555,4323,149,1142857.1428571432,85735,2648
periodic_reoptimization,3,21,57142.85714285681,170596,4309,130,1200000.0000000002,90044,2778
thompson_sampling,3,1,57142.857142857145,165844,3916,151,57142.857142857145,3916,151
thompson_sampling,3,2,57142.857142857145,165212,3304,111,114285.71428571429,7220,262
thompson_sampling,3,3,57142.85714285714,163721,3935,144,171428.57142857142,11155,406
thompson_sampling,3,4,57142.857142857145,128264,3532,122,228571.42857142858,14687,528
thompson_sampling,3,5,57142.85714285714,132444,3515,118,285714.28571428574,18202,646
thompson_sampling,3,6,57142.857142857145,161689,3815,124,342857.1428571429,22017,770
thompson_sampling,3,7,57142.85714285714,125931,4261,134,400000.00000000006,26278,904
thompson_sampling,3,8,57142.857142857145,129527,3585,115,457142.8571428572,29863,1019
thompson_sampling,3,9,57142.85714285713,128770,3609,138,514285.7142857143,33472,1157
thompson_sampling,3,10,57142.85714285714,186025,4101,130,571428.5714285715,37573,1287
thompson_sampling,3,11,57142.85714285714,127972,3856,111,628571.4285714286,41429,1398
thompson_sampling,3,12,57142.85714285714,126444,3683,128,685714.2857142858,45112,1526
thompson_sampling,3,13,57142.85714285713,128837,3446,108,742857.142857143,48558,1634
thompson_sampling,3,14,57142.85714285713,130873,3849,135,800000.0000000001,52407,1769
thompson_sampling,3,15,57142.85714285712,154206,4139,126,857142.8571428573,56546,1895
thompson_sampling,3,16,57142.85714285712,128131,3872,119,914285.7142857144,60418,2014
thompson_sampling,3,17,57142.857142857116,143296,3754,122,971428.5714285716,64172,2136
thompson_sampling,3,18,57142.8571428571,148289,3443,122,1028571.4285714286,67615,2258
thompson_sampling,3,19,57142.85714285712,145037,3983,117,1085714.2857142857,71598,2375
thompson_sampling,3,20,57142.85714285716,129884,3791,127,1142857.1428571427,75389,2502
thompson_sampling,3,21,57142.857142857276,163940,4091,125,1200000.0,79480,2627
linucb,3,1,57142.857142857145,188976,4164,142,57142.857142857145,4164,142
linucb,3,2,57142.857142857145,194163,4547,130,114285.71428571429,8711,272
linucb,3,3,57142.85714285714,215822,4775,143,171428.57142857142,13486,415
linucb,3,4,57142.857142857145,215766,4558,123,228571.42857142858,18044,538
linucb,3,5,57142.85714285714,236797,4381,116,285714.28571428574,22425,654
linucb,3,6,57142.857142857145,233126,4551,119,342857.1428571429,26976,773
linucb,3,7,57142.85714285714,221594,3932,111,400000.00000000006,30908,884
linucb,3,8,57142.857142857145,188882,3992,125,457142.8571428572,34900,1009
linucb,3,9,57142.85714285713,182557,4077,120,514285.7142857143,38977,1129
linucb,3,10,57142.85714285714,161012,4274,129,571428.5714285715,43251,1258
linucb,3,11,57142.85714285714,192386,4242,136,628571.4285714286,47493,1394
linucb,3,12,57142.85714285714,193553,4432,123,685714.2857142858,51925,1517
linucb,3,13,57142.85714285713,188702,3861,141,742857.142857143,55786,1658
linucb,3,14,57142.85714285713,241055,4251,135,800000.0000000001,60037,1793
linucb,3,15,57142.85714285712,192554,4328,129,857142.8571428573,64365,1922
linucb,3,16,57142.85714285712,206652,4139,144,914285.7142857144,68504,2066
linucb,3,17,57142.857142857116,173001,4119,135,971428.5714285716,72623,2201
linucb,3,18,57142.8571428571,217878,3848,121,1028571.4285714286,76471,2322
linucb,3,19,57142.85714285712,177439,3828,117,1085714.2857142857,80299,2439
linucb,3,20,57142.85714285716,221428,3934,115,1142857.1428571427,84233,2554
linucb,3,21,57142.857142857276,206825,4241,130,1200000.0,88474,2684
oracle,3,1,57142.857142857145,196138,3964,153,57142.857142857145,3964,153
oracle,3,2,57142.857142857145,195976,3878,133,114285.71428571428,7842,286
oracle,3,3,57142.85714285714,197029,4109,146,171428.5714285714,11951,432
oracle,3,4,57142.857142857145,196141,3937,134,228571.42857142852,15888,566
oracle,3,5,57142.857142857145,195908,3957,131,285714.2857142857,19845,697
oracle,3,6,57142.857142857145,195561,4014,125,342857.14285714284,23859,822
oracle,3,7,57142.857142857145,195738,4072,125,400000.0,27931,947
oracle,3,8,57142.857142857145,196222,4006,130,457142.85714285716,31937,1077
oracle,3,9,57142.857142857145,195044,3940,134,514285.7142857143,35877,1211
oracle,3,10,57142.85714285714,196047,3923,135,571428.5714285715,39800,1346
oracle,3,11,57142.85714285714,196254,3939,140,628571.4285714286,43739,1486
oracle,3,12,57142.85714285714,195971,3927,127,685714.2857142858,47666,1613
oracle,3,13,57142.85714285713,195821,4077,116,742857.142857143,51743,1729
oracle,3,14,57142.85714285713,196762,4079,142,800000.0000000001,55822,1871
oracle,3,15,57142.85714285712,196394,3921,123,857142.8571428573,59743,1994
oracle,3,16,57142.85714285712,195728,3907,124,914285.7142857144,63650,2118
oracle,3,17,57142.857142857116,196775,3812,132,971428.5714285716,67462,2250
oracle,3,18,57142.8571428571,195825,3848,126,1028571.4285714286,71310,2376
oracle,3,19,57142.85714285712,196199,3919,143,1085714.2857142857,75229,2519
oracle,3,20,57142.857142857145,195958,4064,140,1142857.1428571427,79293,2659
oracle,3,21,57142.857142857145,196541,3964,134,1199999.9999999998,83257,2793
static,4,1,57142.85714285714,193871,4612,156,57142.85714285714,4612,156
static,4,2,57142.85714285714,193172,4622,150,114285.71428571426,9234,306
static,4,3,57142.85714285714,193826,4656,165,171428.5714285714,13890,471
static,4,4,57142.85714285714,194385,4622,158,228571.42857142852,18512,629
static,4,5,57142.85714285714,194440,4596,133,285714.2857142856,23108,762
static,4,6,57142.85714285714,194108,4524,159,342857.1428571427,27632,921
static,4,7,57142.85714285714,194015,4445,139,399999.9999999998,32077,1060
static,4,8,57142.85714285714,193730,4755,161,457142.8571428569,36832,1221
static,4,9,57142.85714285714,193853,4644,143,514285.714285714,41476,1364
static,4,10,57142.85714285714,194196,4592,156,571428.5714285712,46068,1520
static,4,11,57142.85714285714,193881,4515,158,628571.4285714284,50583,1678
static,4,12,57142.85714285714,193790,4667,153,685714.2857142856,55250,1831
static,4,13,57142.85714285714,194182,4473,151,742857.1428571427,59723,1982
static,4,14,57142.85714285714,193467,4394,144,799999.9999999999,64117,2126
static,4,15,57142.85714285714,192853,4603,153,857142.857142857,68720,2279
static,4,16,57142.85714285714,194032,4579,140,914285.7142857142,73299,2419
static,4,17,57142.85714285714,194335,4680,160,971428.5714285714,77979,2579
static,4,18,57142.85714285714,193486,4659,154,1028571.4285714285,82638,2733
static,4,19,57142.85714285714,193745,4653,156,1085714.2857142857,87291,2889
static,4,20,57142.85714285714,193702,4343,141,1142857.1428571427,91634,3030
static,4,21,57142.85714285714,193994,4452,140,1199999.9999999998,96086,3170
periodic_reoptimization,4,1,57142.85714285714,193871,4612,156,57142.85714285714,4612,156
periodic_reoptimization,4,2,57142.85714285714,193172,4622,150,114285.71428571426,9234,306
periodic_reoptimization,4,3,57142.85714285714,193826,4656,165,171428.5714285714,13890,471
periodic_reoptimization,4,4,57142.857142857145,182535,4670,159,228571.42857142852,18560,630
periodic_reoptimization,4,5,57142.857142857145,182137,4855,148,285714.2857142856,23415,778
periodic_reoptimization,4,6,57142.857142857145,182224,4387,146,342857.1428571427,27802,924
periodic_reoptimization,4,7,57142.85714285715,213257,4711,158,399999.9999999999,32513,1082
periodic_reoptimization,4,8,57142.85714285715,213664,4890,149,457142.85714285704,37403,1231
periodic_reoptimization,4,9,57142.85714285715,213003,4940,171,514285.7142857142,42343,1402
periodic_reoptimization,4,10,57142.857142857145,189491,4680,147,571428.5714285715,47023,1549
periodic_reoptimization,4,11,57142.85714285714,189044,4570,140,628571.4285714288,51593,1689
periodic_reoptimization,4,12,57142.85714285712,189489,4624,158,685714.285714286,56217,1847
periodic_reoptimization,4,13,57142.85714285711,195909,4580,128,742857.1428571431,60797,1975
periodic_reoptimization,4,14,57142.857142857116,196938,4613,147,800000.0000000001,65410,2122
periodic_reoptimization,4,15,57142.857142857116,196634,4746,155,857142.8571428572,70156,2277
periodic_reoptimization,4,16,57142.85714285714,202122,4588,142,914285.7142857143,74744,2419
periodic_reoptimization,4,17,57142.85714285714,201782,4681,130,971428.5714285715,79425,2549
periodic_reoptimization,4,18,57142.85714285713,202327,4744,153,1028571.4285714286,84169,2702
periodic_reoptimization,4,19,57142.857142857116,198776,4878,167,1085714.2857142857,89047,2869
periodic_reoptimization,4,20,57142.857142857116,198839,4450,145,1142857.142857143,93497,3014
periodic_reoptimization,4,21,57142.85714285704,198282,4531,149,1200000.0,98028,3163
thompson_sampling,4,1,57142.857142857145,191948,3924,129,57142.857142857145,3924,129
thompson_sampling,4,2,57142.857142857145,156389,4118,152,114285.71428571429,8042,281
thompson_sampling,4,3,57142.85714285714,207639,5305,148,171428.57142857142,13347,429
thompson_sampling,4,4,57142.857142857145,124454,3670,119,228571.42857142858,17017,548
thompson_sampling,4,5,57142.85714285714,194913,4416,125,285714.28571428574,21433,673
thompson_sampling,4,6,57142.857142857145,179679,3655,110,342857.1428571429,25088,783
thompson_sampling,4,7,57142.85714285714,190748,4963,148,400000.00000000006,30051,931
thompson_sampling,4,8,57142.857142857145,168062,4856,149,457142.8571428572,34907,1080
thompson_sampling,4,9,57142.85714285713,174075,4441,128,514285.7142857143,39348,1208
thompson_sampling,4,10,57142.85714285714,194986,4976,168,571428.5714285715,44324,1376
thompson_sampling,4,11,57142.85714285714,185449,4833,151,628571.4285714286,49157,1527
thompson_sampling,4,12,57142.85714285714,171010,4524,160,685714.2857142858,53681,1687
thompson_sampling,4,13,57142.85714285713,183485,4284,143,742857.142857143,57965,1830
thompson_sampling,4,14,57142.85714285713,153148,3865,126,800000.0000000001,61830,1956
thompson_sampling,4,15,57142.85714285712,168937,4667,160,857142.8571428573,66497,2116
thompson_sampling,4,16,57142.85714285712,159381,4488,143,914285.7142857144,70985,2259
thompson_sampling,4,17,57142.857142857116,174049,4878,163,971428.5714285716,75863,2422
thompson_sampling,4,18,57142.8571428571,186059,4894,158,1028571.4285714286,80757,2580
thompson_sampling,4,19,57142.85714285712,191513,4992,146,1085714.2857142857,85749,2726
thompson_sampling,4,20,57142.85714285716,221432,4883,157,1142857.1428571427,90632,2883
thompson_sampling,4,21,57142.857142857276,179303,4741,147,1200000.0,95373,3030
linucb,4,1,57142.857142857145,171936,4724,158,57142.857142857145,4724,158
linucb,4,2,57142.857142857145,175548,4567,155,114285.71428571429,9291,313
linucb,4,3,57142.85714285714,175387,4651,129,171428.57142857142,13942,442
linucb,4,4,57142.857142857145,171481,4792,151,228571.42857142858,18734,593
linucb,4,5,57142.85714285714,172024,4888,174,285714.28571428574,23622,767
linucb,4,6,57142.857142857145,157092,4687,137,342857.1428571429,28309,904
linucb,4,7,57142.85714285714,217885,5524,148,400000.00000000006,33833,1052
linucb,4,8,57142.857142857145,217623,5379,162,457142.8571428572,39212,1214
linucb,4,9,57142.85714285713,207767,5230,142,514285.7142857143,44442,1356
linucb,4,10,57142.85714285714,202704,5187,159,571428.5714285715,49629,1515
linucb,4,11,57142.85714285714,211619,5065,153,628571.4285714286,54694,1668
linucb,4,12,57142.85714285714,191507,5115,168,685714.2857142858,59809,1836
linucb,4,13,57142.85714285713,226170,5489,168,742857.142857143,65298,2004
linucb,4,14,57142.85714285713,225542,5554,164,800000.0000000001,70852,2168
linucb,4,15,57142.85714285712,211362,5158,139,857142.8571428573,76010,2307
linucb,4,16,57142.85714285712,191388,4986,138,914285.7142857144,80996,2445
linucb,4,17,57142.857142857116,221686,5106,139,971428.5714285716,86102,2584
linucb,4,18,57142.8571428571,203551,5090,159,1028571.4285714286,91192,2743
linucb,4,19,57142.85714285712,195252,4914,151,1085714.2857142857,96106,2894
linucb,4,20,57142.85714285716,225943,5540,161,1142857.1428571427,101646,3055
linucb,4,21,57142.857142857276,244516,5521,175,1200000.0,107167,3230
oracle,4,1,57142.85714285714,199663,4919,164,57142.85714285714,4919,164
oracle,4,2,57142.85714285714,199331,4751,154,114285.71428571426,9670,318
oracle,4,3,57142.85714285714,199666,4900,160,171428.5714285714,14570,478
oracle,4,4,57142.85714285714,200012,4918,161,228571.42857142852,19488,639
oracle,4,5,57142.85714285714,199759,4874,146,285714.2857142857,24362,785
oracle,4,6,57142.85714285714,198662,4969,169,342857.14285714284,29331,954
oracle,4,7,57142.85714285714,199651,4976,158,400000.0,34307,1112
oracle,4,8,57142.85714285714,199412,4867,173,457142.85714285716,39174,1285
oracle,4,9,57142.85714285714,199251,5071,185,514285.7142857143,44245,1470
oracle,4,10,57142.85714285714,199567,4885,148,571428.5714285715,49130,1618
oracle,4,11,57142.85714285714,199506,4802,163,628571.4285714286,53932,1781
oracle,4,12,57142.85714285714,200270,4857,147,685714.2857142858,58789,1928
oracle,4,13,57142.85714285713,199616,4975,158,742857.142857143,63764,2086
oracle,4,14,57142.85714285713,199761,4852,153,800000.0000000001,68616,2239
oracle,4,15,57142.85714285712,199261,5004,121,857142.8571428573,73620,2360
oracle,4,16,57142.85714285712,199961,4846,154,914285.7142857144,78466,2514
oracle,4,17,57142.857142857116,199604,4979,177,971428.5714285716,83445,2691
oracle,4,18,57142.8571428571,199468,4871,162,1028571.4285714286,88316,2853
oracle,4,19,57142.85714285712,199811,4830,154,1085714.2857142857,93146,3007
oracle,4,20,57142.85714285714,199525,4882,173,1142857.1428571427,98028,3180
oracle,4,21,57142.85714285714,199323,4866,165,1199999.9999999998,102894,3345
static,5,1,57142.85714285714,221552,4778,172,57142.85714285714,4778,172
static,5,2,57142.85714285714,221840,4630,172,114285.71428571426,9408,344
static,5,3,57142.85714285714,221066,4649,179,171428.5714285714,14057,523
static,5,4,57142.85714285714,221371,4743,167,228571.42857142852,18800,690
static,5,5,57142.85714285714,221977,4622,203,285714.2857142856,23422,893
static,5,6,57142.85714285714,221801,4385,171,342857.1428571427,27807,1064
static,5,7,57142.85714285714,221737,4376,173,399999.9999999998,32183,1237
static,5,8,57142.85714285714,222196,4586,148,457142.8571428569,36769,1385
static,5,9,57142.85714285714,222030,4679,170,514285.714285714,41448,1555
static,5,10,57142.85714285714,221238,4742,166,571428.5714285712,46190,1721
static,5,11,57142.85714285714,221232,4742,159,628571.4285714284,50932,1880
static,5,12,57142.85714285714,221646,4529,167,685714.2857142856,55461,2047
static,5,13,57142.85714285714,221371,4334,171,742857.1428571427,59795,2218
static,5,14,57142.85714285714,221920,4395,174,799999.9999999999,64190,2392
static,5,15,57142.85714285714,221546,4693,190,857142.857142857,68883,2582
static,5,16,57142.85714285714,222433,4663,166,914285.7142857142,73546,2748
static,5,17,57142.85714285714,221839,4658,175,971428.5714285714,78204,2923
static,5,18,57142.85714285714,221725,4746,186,1028571.4285714285,82950,3109
static,5,19,57142.85714285714,220496,4639,178,1085714.2857142857,87589,3287
static,5,20,57142.85714285714,222138,4329,171,1142857.1428571427,91918,3458
static,5,21,57142.85714285714,221997,4348,173,1199999.9999999998,96266,3631
periodic_reoptimization,5,1,57142.85714285714,221552,4778,172,57142.85714285714,4778,172
periodic_reoptimization,5,2,57142.85714285714,221840,4630,172,114285.71428571426,9408,344
periodic_reoptimization,5,3,57142.85714285714,221066,4649,179,171428.5714285714,14057,523
periodic_reoptimization,5,4,57142.857142857145,239751,4326,183,228571.42857142852,18383,706
periodic_reoptimization,5,5,57142.857142857145,239875,4147,160,285714.2857142857,22530,866
periodic_reoptimization,5,6,57142.857142857145,240723,4026,183,342857.14285714284,26556,1049
periodic_reoptimization,5,7,57142.857142857145,239127,4032,155,400000.0,30588,1204
periodic_reoptimization,5,8,57142.857142857145,238722,4194,181,457142.85714285716,34782,1385
periodic_reoptimization,5,9,57142.857142857145,239763,4135,149,514285.7142857143,38917,1534
periodic_reoptimization,5,10,57142.85714285714,235887,4297,158,571428.5714285714,43214,1692
periodic_reoptimization,5,11,57142.85714285714,236798,4212,160,628571.4285714284,47426,1852
periodic_reoptimization,5,12,57142.85714285714,236849,4213,171,685714.2857142854,51639,2023
periodic_reoptimization,5,13,57142.857142857174,228969,4066,150,742857.1428571426,55705,2173
periodic_reoptimization,5,14,57142.857142857174,229696,4067,169,799999.9999999998,59772,2342
periodic_reoptimization,5,15,57142.857142857174,229440,4479,187,857142.8571428569,64251,2529
periodic_reoptimization,5,16,57142.85714285718,229854,4384,191,914285.7142857141,68635,2720
periodic_reoptimization,5,17,57142.85714285718,229847,4418,173,971428.5714285712,73053,2893
periodic_reoptimization,5,18,57142.85714285718,230414,4343,185,1028571.4285714284,77396,3078
periodic_reoptimization,5,19,57142.857142857196,233544,4344,167,1085714.2857142854,81740,3245
periodic_reoptimization,5,20,57142.857142857196,233306,4166,166,1142857.1428571425,85906,3411
periodic_reoptimization,5,21,57142.857142857196,232694,4131,185,1199999.9999999995,90037,3596
thompson_sampling,5,1,57142.857142857145,174484,4249,143,57142.857142857145,4249,143
thompson_sampling,5,2,57142.857142857145,217719,3858,157,114285.71428571429,8107,300
thompson_sampling,5,3,57142.85714285714,231932,4042,165,171428.57142857142,12149,465
thompson_sampling,5,4,57142.857142857145,255189,4456,182,228571.42857142858,16605,647
thompson_sampling,5,5,57142.85714285714,208844,4375,156,285714.28571428574,20980,803
thompson_sampling,5,6,57142.857142857145,200296,4125,167,342857.1428571429,25105,970
thompson_sampling,5,7,57142.85714285714,224076,3882,149,400000.00000000006,28987,1119
thompson_sampling,5,8,57142.857142857145,218687,4035,164,457142.8571428572,33022,1283
thompson_sampling,5,9,57142.85714285713,203267,3743,145,514285.7142857143,36765,1428
thompson_sampling,5,10,57142.85714285714,245963,3652,140,571428.5714285715,40417,1568
thompson_sampling,5,11,57142.85714285714,255101,4465,178,628571.4285714286,44882,1746
thompson_sampling,5,12,57142.85714285714,240554,4165,160,685714.2857142858,49047,1906
thompson_sampling,5,13,57142.85714285713,239910,3877,159,742857.142857143,52924,2065
thompson_sampling,5,14,57142.85714285713,239338,3928,162,800000.0000000001,56852,2227
thompson_sampling,5,15,57142.85714285712,217925,3886,191,857142.8571428573,60738,2418
thompson_sampling,5,16,57142.85714285712,210498,4122,176,914285.7142857144,64860,2594
thompson_sampling,5,17,57142.857142857116,239326,4122,184,971428.5714285716,68982,2778
thompson_sampling,5,18,57142.8571428571,225287,4116,163,1028571.4285714286,73098,2941
thompson_sampling,5,19,57142.85714285712,255864,4326,167,1085714.2857142857,77424,3108
thompson_sampling,5,20,57142.85714285716,239649,3949,145,1142857.1428571427,81373,3253
thompson_sampling,5,21,57142.857142857276,232713,4118,179,1200000.0,85491,3432
linucb,5,1,57142.857142857145,200151,4716,174,57142.857142857145,4716,174
linucb,5,2,57142.857142857145,232830,4325,194,114285.71428571429,9041,368
linucb,5,3,57142.85714285714,233953,4450,173,171428.57142857142,13491,541
linucb,5,4,57142.857142857145,232802,4351,190,228571.42857142858,17842,731
linucb,5,5,57142.85714285714,229653,4375,181,285714.28571428574,22217,912
linucb,5,6,57142.857142857145,216093,4211,165,342857.1428571429,26428,1077
linucb,5,7,57142.85714285714,215691,4278,163,400000.00000000006,30706,1240
linucb,5,8,57142.857142857145,219530,4551,138,457142.8571428572,35257,1378
linucb,5,9,57142.85714285713,229475,4398,153,514285.7142857143,39655,1531
linucb,5,10,57142.85714285714,228988,4455,182,571428.5714285715,44110,1713
linucb,5,11,57142.85714285714,228502,4565,159,628571.4285714286,48675,1872
linucb,5,12,57142.85714285714,229221,4415,179,685714.2857142858,53090,2051
linucb,5,13,57142.85714285713,216073,4234,166,742857.142857143,57324,2217
linucb,5,14,57142.85714285713,215952,4137,163,800000.0000000001,61461,2380
linucb,5,15,57142.85714285712,230364,4319,175,857142.8571428573,65780,2555
linucb,5,16,57142.85714285712,219958,4512,184,914285.7142857144,70292,2739
linucb,5,17,57142.857142857116,229586,4344,165,971428.5714285716,74636,2904
linucb,5,18,57142.8571428571,229339,4421,179,1028571.4285714286,79057,3083
linucb,5,19,57142.85714285712,219748,4610,179,1085714.2857142857,83667,3262
linucb,5,20,57142.85714285716,219367,4143,145,1142857.1428571427,87810,3407
linucb,5,21,57142.857142857276,220425,4184,179,1200000.0,91994,3586
oracle,5,1,57142.85714285714,227638,4552,187,57142.85714285714,4552,187
oracle,5,2,57142.85714285714,226949,4442,175,114285.71428571426,8994,362
oracle,5,3,57142.85714285714,227615,4541,196,171428.5714285714,13535,558
oracle,5,4,57142.85714285714,226520,4388,185,228571.42857142852,17923,743
oracle,5,5,57142.85714285714,227842,4511,200,285714.2857142857,22434,943
oracle,5,6,57142.85714285714,226642,4170,164,342857.14285714284,26604,1107
oracle,5,7,57142.85714285714,227638,4224,167,400000.0,30828,1274
oracle,5,8,57142.85714285714,226806,4465,172,457142.85714285716,35293,1446
oracle,5,9,57142.85714285714,226585,4392,187,514285.7142857143,39685,1633
oracle,5,10,57142.85714285714,227711,4434,187,571428.5714285714,44119,1820
oracle,5,11,57142.85714285714,227460,4462,179,628571.4285714284,48581,1999
oracle,5,12,57142.85714285714,226554,4468,173,685714.2857142854,53049,2172
oracle,5,13,57142.85714285714,227460,4125,169,742857.1428571425,57174,2341
oracle,5,14,57142.85714285714,227507,4234,178,799999.9999999995,61408,2519
oracle,5,15,57142.85714285714,227638,4467,185,857142.8571428566,65875,2704
oracle,5,16,57142.85714285714,226954,4381,187,914285.7142857136,70256,2891
oracle,5,17,57142.85714285714,227457,4439,167,971428.5714285707,74695,3058
oracle,5,18,57142.85714285714,226935,4588,167,1028571.4285714277,79283,3225
oracle,5,19,57142.85714285714,227461,4491,192,1085714.2857142847,83774,3417
oracle,5,20,57142.85714285714,227336,4206,181,1142857.1428571418,87980,3598
oracle,5,21,57142.85714285714,226990,4198,161,1199999.9999999988,92178,3759
static,6,1,57142.85714285714,236038,4899,167,57142.85714285714,4899,167
static,6,2,57142.85714285714,236593,4843,191,114285.71428571426,9742,358
static,6,3,57142.85714285714,236578,4810,145,171428.5714285714,14552,503
static,6,4,57142.85714285714,236759,4786,155,228571.42857142852,19338,658
static,6,5,57142.85714285714,236885,4625,163,285714.2857142856,23963,821
static,6,6,57142.85714285714,236053,4903,153,342857.1428571427,28866,974
static,6,7,57142.85714285714,236463,4955,171,399999.9999999998,33821,1145
static,6,8,57142.85714285714,237343,4699,168,457142.8571428569,38520,1313
static,6,9,57142.85714285714,236827,4887,156,514285.714285714,43407,1469
static,6,10,57142.85714285714,236308,4739,148,571428.5714285712,48146,1617
static,6,11,57142.85714285714,236456,4744,159,628571.4285714284,52890,1776
static,6,12,57142.85714285714,237487,4761,163,685714.2857142856,57651,1939
static,6,13,57142.85714285714,236060,5084,179,742857.1428571427,62735,2118
static,6,14,57142.85714285714,235934,5005,171,799999.9999999999,67740,2289
static,6,15,57142.85714285714,236523,4730,155,857142.857142857,72470,2444
static,6,16,57142.85714285714,236648,4716,155,914285.7142857142,77186,2599
static,6,17,57142.85714285714,236319,4749,161,971428.5714285714,81935,2760
static,6,18,57142.85714285714,237039,4814,175,1028571.4285714285,86749,2935
static,6,19,57142.85714285714,236437,4776,162,1085714.2857142857,91525,3097
static,6,20,57142.85714285714,235995,5022,165,1142857.1428571427,96547,3262
static,6,21,57142.85714285714,236455,4998,159,1199999.9999999998,101545,3421
periodic_reoptimization,6,1,57142.85714285714,236038,4899,167,57142.85714285714,4899,167
periodic_reoptimization,6,2,57142.85714285714,236593,4843,191,114285.71428571426,9742,358
periodic_reoptimization,6,3,57142.85714285714,236578,4810,145,171428.5714285714,14552,503
periodic_reoptimization,6,4,57142.85714285683,196846,4960,179,228571.42857142823,19512,682
periodic_reoptimization,6,5,57142.85714285683,197610,5010,194,285714.2857142851,24522,876
periodic_reoptimization,6,6,57142.85714285683,197397,5230,172,342857.1428571419,29752,1048
periodic_reoptimization,6,7,57142.8571428572,170776,5584,180,399999.99999999907,35336,1228
periodic_reoptimization,6,8,57142.85714285721,170437,5089,178,457142.8571428562,40425,1406
periodic_reoptimization,6,9,57142.85714285721,171123,4991,178,514285.7142857134,45416,1584
periodic_reoptimization,6,10,57142.85714285722,175591,4958,178,571428.5714285705,50374,1762
periodic_reoptimization,6,11,57142.85714285722,174851,4964,153,628571.4285714278,55338,1915
periodic_reoptimization,6,12,57142.85714285722,174914,4965,166,685714.2857142851,60303,2081
periodic_reoptimization,6,13,57142.85714285721,201217,5488,184,742857.1428571423,65791,2265
periodic_reoptimization,6,14,57142.85714285722,202522,5479,172,799999.9999999994,71270,2437
periodic_reoptimization,6,15,57142.85714285722,201369,4968,171,857142.8571428566,76238,2608
periodic_reoptimization,6,16,57142.85714285723,181207,5008,191,914285.7142857139,81246,2799
periodic_reoptimization,6,17,57142.85714285723,181264,4933,169,971428.5714285711,86179,2968
periodic_reoptimization,6,18,57142.85714285722,181683,4886,143,1028571.4285714284,91065,3111
periodic_reoptimization,6,19,57142.857142857196,181371,4855,174,1085714.2857142857,95920,3285
periodic_reoptimization,6,20,57142.85714285716,181372,5313,178,1142857.142857143,101233,3463
periodic_reoptimization,6,21,57142.85714285704,182450,5438,175,1200000.0,106671,3638
thompson_sampling,6,1,57142.857142857145,211641,4418,140,57142.857142857145,4418,140
thompson_sampling,6,2,57142.857142857145,191354,4561,148,114285.71428571429,8979,288
thompson_sampling,6,3,57142.85714285714,200709,4310,151,171428.57142857142,13289,439
thompson_sampling,6,4,57142.857142857145,187027,4637,179,228571.42857142858,17926,618
thompson_sampling,6,5,57142.85714285714,192971,4937,182,285714.28571428574,22863,800
thompson_sampling,6,6,57142.857142857145,186508,5351,207,342857.1428571429,28214,1007
thompson_sampling,6,7,57142.85714285714,213790,5503,181,400000.00000000006,33717,1188
thompson_sampling,6,8,57142.857142857145,189852,5078,181,457142.8571428572,38795,1369
thompson_sampling,6,9,57142.85714285713,147552,4828,159,514285.7142857143,43623,1528
thompson_sampling,6,10,57142.85714285714,186535,4921,180,571428.5714285715,48544,1708
thompson_sampling,6,11,57142.85714285714,193129,4978,177,628571.4285714286,53522,1885
thompson_sampling,6,12,57142.85714285714,186222,5009,175,685714.2857142858,58531,2060
thompson_sampling,6,13,57142.85714285713,142683,5133,175,742857.142857143,63664,2235
thompson_sampling,6,14,57142.85714285713,190223,5500,190,800000.0000000001,69164,2425
thompson_sampling,6,15,57142.85714285712,200941,4949,167,857142.8571428573,74113,2592
thompson_sampling,6,16,57142.85714285712,201579,4880,167,914285.7142857144,78993,2759
thompson_sampling,6,17,57142.857142857116,177423,5004,175,971428.5714285716,83997,2934
thompson_sampling,6,18,57142.8571428571,190101,5077,176,1028571.4285714286,89074,3110
thompson_sampling,6,19,57142.85714285712,202295,4994,190,1085714.2857142857,94068,3300
thompson_sampling,6,20,57142.85714285716,169504,5508,185,1142857.1428571427,99576,3485
thompson_sampling,6,21,57142.857142857276,186346,5342,187,1200000.0,104918,3672
linucb,6,1,57142.857142857145,162456,4950,179,57142.857142857145,4950,179
linucb,6,2,57142.857142857145,186365,4897,178,114285.71428571429,9847,357
linucb,6,3,57142.85714285714,193312,5123,187,171428.57142857142,14970,544
linucb,6,4,57142.857142857145,193435,4795,158,228571.42857142858,19765,702
linucb,6,5,57142.85714285714,186842,4851,192,285714.28571428574,24616,894
linucb,6,6,57142.857142857145,207905,5022,174,342857.1428571429,29638,1068
linucb,6,7,57142.85714285714,169441,5453,191,400000.00000000006,35091,1259
linucb,6,8,57142.857142857145,186245,5022,176,457142.8571428572,40113,1435
linucb,6,9,57142.85714285713,186634,4973,163,514285.7142857143,45086,1598
linucb,6,10,57142.85714285714,185882,4921,183,571428.5714285715,50007,1781
linucb,6,11,57142.85714285714,208508,4886,179,628571.4285714286,54893,1960
linucb,6,12,57142.85714285714,207750,4794,167,685714.2857142858,59687,2127
linucb,6,13,57142.85714285713,169584,5434,177,742857.142857143,65121,2304
linucb,6,14,57142.85714285713,169011,5450,185,800000.0000000001,70571,2489
linucb,6,15,57142.85714285712,186444,4996,193,857142.8571428573,75567,2682
linucb,6,16,57142.85714285712,193101,4966,177,914285.7142857144,80533,2859
linucb,6,17,57142.857142857116,192590,4977,154,971428.5714285716,85510,3013
linucb,6,18,57142.8571428571,192734,4984,171,1028571.4285714286,90494,3184
linucb,6,19,57142.85714285712,192971,4869,155,1085714.2857142857,95363,3339
linucb,6,20,57142.85714285716,162958,5415,193,1142857.1428571427,100778,3532
linucb,6,21,57142.857142857276,162159,5381,184,1200000.0,106159,3716
oracle,6,1,57142.857142857145,212729,5005,185,57142.857142857145,5005,185
oracle,6,2,57142.857142857145,211905,5121,198,114285.71428571429,10126,383
oracle,6,3,57142.85714285714,211971,5162,164,171428.57142857142,15288,547
oracle,6,4,57142.857142857145,213461,5151,163,228571.42857142858,20439,710
oracle,6,5,57142.85714285714,213569,4980,170,285714.28571428574,25419,880
oracle,6,6,57142.857142857145,212656,5744,181,342857.1428571429,31163,1061
oracle,6,7,57142.85714285714,212735,5572,192,400000.00000000006,36735,1253
oracle,6,8,57142.857142857145,213910,5111,155,457142.8571428572,41846,1408
oracle,6,9,57142.85714285713,213293,5076,169,514285.7142857144,46922,1577
oracle,6,10,57142.85714285714,212629,5093,178,571428.5714285715,52015,1755
oracle,6,11,57142.85714285714,213014,5066,175,628571.4285714286,57081,1930
oracle,6,12,57142.85714285714,212274,5085,176,685714.2857142858,62166,2106
oracle,6,13,57142.85714285713,212474,5534,187,742857.142857143,67700,2293
oracle,6,14,57142.85714285713,212751,5602,186,800000.0,73302,2479
oracle,6,15,57142.857142857145,212487,5153,164,857142.8571428572,78455,2643
oracle,6,16,57142.85714285714,212421,5085,155,914285.7142857143,83540,2798
oracle,6,17,57142.85714285714,213166,4994,187,971428.5714285715,88534,2985
oracle,6,18,57142.85714285713,211934,5052,183,1028571.4285714286,93586,3168
oracle,6,19,57142.85714285712,213053,4943,167,1085714.285714286,98529,3335
oracle,6,20,57142.85714285704,213592,5624,213,1142857.142857143,104153,3548
oracle,6,21,57142.85714285704,212133,5553,202,1200000.0,109706,3750
static,7,1,57142.85714285714,219641,4459,148,57142.85714285714,4459,148
static,7,2,57142.85714285714,219972,4425,163,114285.71428571426,8884,311
static,7,3,57142.85714285714,219735,4488,153,171428.5714285714,13372,464
static,7,4,57142.85714285714,219066,4524,144,228571.42857142852,17896,608
static,7,5,57142.85714285714,219481,4417,130,285714.2857142856,22313,738
static,7,6,57142.85714285714,219707,4505,143,342857.1428571427,26818,881
static,7,7,57142.85714285714,218782,4457,176,399999.9999999998,31275,1057
static,7,8,57142.85714285714,219760,4443,135,457142.8571428569,35718,1192
static,7,9,57142.85714285714,219846,4390,158,514285.714285714,40108,1350
static,7,10,57142.85714285714,219305,4370,159,571428.5714285712,44478,1509
static,7,11,57142.85714285714,219449,4409,162,628571.4285714284,48887,1671
static,7,12,57142.85714285714,219838,4520,169,685714.2857142856,53407,1840
static,7,13,57142.85714285714,219724,4354,147,742857.1428571427,57761,1987
static,7,14,57142.85714285714,219840,4493,154,799999.9999999999,62254,2141
static,7,15,57142.85714285714,219695,4523,169,857142.857142857,66777,2310
static,7,16,57142.85714285714,219542,4485,148,914285.7142857142,71262,2458
static,7,17,57142.85714285714,219684,4477,144,971428.5714285714,75739,2602
static,7,18,57142.85714285714,219907,4513,168,1028571.4285714285,80252,2770
static,7,19,57142.85714285714,220776,4400,153,1085714.2857142857,84652,2923
static,7,20,57142.85714285714,220172,4481,155,1142857.1428571427,89133,3078
static,7,21,57142.85714285714,220389,4401,150,1199999.9999999998,93534,3228
periodic_reoptimization,7,1,57142.85714285714,219641,4459,148,57142.85714285714,4459,148
periodic_reoptimization,7,2,57142.85714285714,219972,4425,163,114285.71428571426,8884,311
periodic_reoptimization,7,3,57142.85714285714,219735,4488,153,171428.5714285714,13372,464
periodic_reoptimization,7,4,57142.857142857145,217924,3513,145,228571.42857142852,16885,609
periodic_reoptimization,7,5,57142.857142857145,217943,3467,124,285714.2857142857,20352,733
periodic_reoptimization,7,6,57142.857142857145,218330,3244,129,342857.14285714284,23596,862
periodic_reoptimization,7,7,57142.857142857145,217856,3572,147,399999.99999999994,27168,1009
periodic_reoptimization,7,8,57142.857142857145,217525,3622,154,457142.85714285704,30790,1163
periodic_reoptimization,7,9,57142.857142857145,217535,3809,156,514285.71428571414,34599,1319
periodic_reoptimization,7,10,57142.85714285716,218465,3585,183,571428.5714285712,38184,1502
periodic_reoptimization,7,11,57142.85714285716,218596,3599,142,628571.4285714284,41783,1644
periodic_reoptimization,7,12,57142.85714285716,217963,3532,152,685714.2857142856,45315,1796
periodic_reoptimization,7,13,57142.85714285716,218902,3265,117,742857.1428571427,48580,1913
periodic_reoptimization,7,14,57142.85714285716,218528,3334,147,799999.9999999999,51914,2060
periodic_reoptimization,7,15,57142.85714285716,219114,3576,159,857142.857142857,55490,2219
periodic_reoptimization,7,16,57142.85714285716,218129,3597,175,914285.7142857142,59087,2394
periodic_reoptimization,7,17,57142.85714285716,219395,3522,158,971428.5714285714,62609,2552
periodic_reoptimization,7,18,57142.85714285716,217876,3569,166,1028571.4285714285,66178,2718
periodic_reoptimization,7,19,57142.85714285716,218901,3512,147,1085714.285714286,69690,2865
periodic_reoptimization,7,20,57142.85714285704,218075,3231,134,1142857.142857143,72921,2999
periodic_reoptimization,7,21,57142.85714285704,218641,3292,122,1200000.0,76213,3121
thompson_sampling,7,1,57142.857142857145,203024,3178,102,57142.857142857145,3178,102
thompson_sampling,7,2,57142.857142857145,256056,3788,128,114285.71428571429,6966,230
thompson_sampling,7,3,57142.85714285714,215665,3572,147,171428.57142857142,10538,377
thompson_sampling,7,4,57142.857142857145,200942,3531,145,228571.42857142858,14069,522
thompson_sampling,7,5,57142.85714285714,199811,3888,135,285714.28571428574,17957,657
thompson_sampling,7,6,57142.857142857145,241745,3584,126,342857.1428571429,21541,783
thompson_sampling,7,7,57142.85714285714,201146,3217,131,400000.00000000006,24758,914
thompson_sampling,7,8,57142.857142857145,218756,3585,146,457142.8571428572,28343,1060
thompson_sampling,7,9,57142.85714285713,201788,3329,157,514285.7142857143,31672,1217
thompson_sampling,7,10,57142.85714285714,217957,3583,165,571428.5714285715,35255,1382
thompson_sampling,7,11,57142.85714285714,217918,3623,141,628571.4285714286,38878,1523
thompson_sampling,7,12,57142.85714285714,218491,3531,174,685714.2857142858,42409,1697
thompson_sampling,7,13,57142.85714285713,218294,3218,128,742857.142857143,45627,1825
thompson_sampling,7,14,57142.85714285713,218527,3219,142,800000.0000000001,48846,1967
thompson_sampling,7,15,57142.85714285712,217961,3656,167,857142.8571428573,52502,2134
thompson_sampling,7,16,57142.85714285712,218643,3581,146,914285.7142857144,56083,2280
thompson_sampling,7,17,57142.857142857116,216964,3897,172,971428.5714285716,59980,2452
thompson_sampling,7,18,57142.8571428571,219070,3502,162,1028571.4285714286,63482,2614
thompson_sampling,7,19,57142.85714285712,218408,3542,164,1085714.2857142857,67024,2778
thompson_sampling,7,20,57142.85714285716,218913,3324,163,1142857.1428571427,70348,2941
thompson_sampling,7,21,57142.857142857276,218395,3206,132,1200000.0,73554,3073
linucb,7,1,57142.857142857145,215767,4025,147,57142.857142857145,4025,147
linucb,7,2,57142.857142857145,209708,4230,152,114285.71428571429,8255,299
linucb,7,3,57142.85714285714,199743,4720,159,171428.57142857142,12975,458
linucb,7,4,57142.857142857145,202563,4542,152,228571.42857142858,17517,610
linucb,7,5,57142.85714285714,209920,4391,141,285714.28571428574,21908,751
linucb,7,6,57142.857142857145,199955,4699,161,342857.1428571429,26607,912
linucb,7,7,57142.85714285714,200059,4644,144,400000.00000000006,31251,1056
linucb,7,8,57142.857142857145,200226,4682,140,457142.8571428572,35933,1196
linucb,7,9,57142.85714285713,209329,4190,152,514285.7142857143,40123,1348
linucb,7,10,57142.85714285714,210955,4317,166,571428.5714285715,44440,1514
linucb,7,11,57142.85714285714,208880,4354,165,628571.4285714286,48794,1679
linucb,7,12,57142.85714285714,209756,4293,161,685714.2857142858,53087,1840
linucb,7,13,57142.85714285713,199928,4690,168,742857.142857143,57777,2008
linucb,7,14,57142.85714285713,199207,4736,173,800000.0000000001,62513,2181
linucb,7,15,57142.85714285712,208978,4408,167,857142.8571428573,66921,2348
linucb,7,16,57142.85714285712,202974,4493,164,914285.7142857144,71414,2512
linucb,7,17,57142.857142857116,203059,4617,148,971428.5714285716,76031,2660
linucb,7,18,57142.8571428571,209610,4426,156,1028571.4285714286,80457,2816
linucb,7,19,57142.85714285712,210324,4283,161,1085714.2857142857,84740,2977
linucb,7,20,57142.85714285716,199346,4682,162,1142857.1428571427,89422,3139
linucb,7,21,57142.857142857276,200708,4615,161,1200000.0,94037,3300
oracle,7,1,57142.857142857145,213222,4124,156,57142.857142857145,4124,156
oracle,7,2,57142.857142857145,214448,4184,181,114285.71428571429,8308,337
oracle,7,3,57142.85714285714,213747,4291,197,171428.57142857142,12599,534
oracle,7,4,57142.857142857145,213944,4174,158,228571.42857142855,16773,692
oracle,7,5,57142.857142857145,214263,4225,139,285714.2857142857,20998,831
oracle,7,6,57142.857142857145,214626,4070,139,342857.14285714284,25068,970
oracle,7,7,57142.857142857145,214619,4057,164,400000.0,29125,1134
oracle,7,8,57142.857142857145,213697,4227,163,457142.85714285716,33352,1297
oracle,7,9,57142.857142857145,214123,4067,126,514285.7142857143,37419,1423
oracle,7,10,57142.85714285714,214100,4071,173,571428.5714285715,41490,1596
oracle,7,11,57142.85714285714,214169,4158,145,628571.4285714286,45648,1741
oracle,7,12,57142.85714285714,213936,4090,158,685714.2857142858,49738,1899
oracle,7,13,57142.85714285713,214647,4116,151,742857.142857143,53854,2050
oracle,7,14,57142.85714285713,214028,4029,152,800000.0000000001,57883,2202
oracle,7,15,57142.85714285712,213724,4127,161,857142.8571428573,62010,2363
oracle,7,16,57142.85714285712,214325,4084,165,914285.7142857144,66094,2528
oracle,7,17,57142.857142857116,213647,4146,167,971428.5714285716,70240,2695
oracle,7,18,57142.8571428571,214416,4069,157,1028571.4285714288,74309,2852
oracle,7,19,57142.85714285708,213330,4095,135,1085714.2857142857,78404,2987
oracle,7,20,57142.857142857145,213690,4033,132,1142857.142857143,82437,3119
oracle,7,21,57142.85714285704,214314,4105,141,1200000.0,86542,3260
static,8,1,57142.85714285714,227380,4207,154,57142.85714285714,4207,154
static,8,2,57142.85714285714,228225,4276,166,114285.71428571426,8483,320
static,8,3,57142.85714285714,227771,4211,165,171428.5714285714,12694,485
static,8,4,57142.85714285714,228484,4111,149,228571.42857142852,16805,634
static,8,5,57142.85714285714,227069,4224,153,285714.2857142856,21029,787
static,8,6,57142.85714285714,227656,4531,158,342857.1428571427,25560,945
static,8,7,57142.85714285714,227649,4505,175,399999.9999999998,30065,1120
static,8,8,57142.85714285714,228754,4280,159,457142.8571428569,34345,1279
static,8,9,57142.85714285714,228174,4122,149,514285.714285714,38467,1428
static,8,10,57142.85714285714,227978,4244,168,571428.5714285712,42711,1596
static,8,11,57142.85714285714,228472,4158,147,628571.4285714284,46869,1743
static,8,12,57142.85714285714,228119,4207,165,685714.2857142856,51076,1908
static,8,13,57142.85714285714,227040,4493,150,742857.1428571427,55569,2058
static,8,14,57142.85714285714,227101,4393,171,799999.9999999999,59962,2229
static,8,15,57142.85714285714,227928,4199,150,857142.857142857,64161,2379
static,8,16,57142.85714285714,227232,4045,145,914285.7142857142,68206,2524
static,8,17,57142.85714285714,228090,4226,151,971428.5714285714,72432,2675
static,8,18,57142.85714285714,227883,4220,167,1028571.4285714285,76652,2842
static,8,19,57142.85714285714,228280,4239,183,1085714.2857142857,80891,3025
static,8,20,57142.85714285714,228398,4510,138,1142857.1428571427,85401,3163
static,8,21,57142.85714285714,227868,4471,168,1199999.9999999998,89872,3331
periodic_reoptimization,8,1,57142.85714285714,227380,4207,154,57142.85714285714,4207,154
periodic_reoptimization,8,2,57142.85714285714,228225,4276,166,114285.71428571426,8483,320
periodic_reoptimization,8,3,57142.85714285714,227771,4211,165,171428.5714285714,12694,485
periodic_reoptimization,8,4,57142.857142857145,222840,4090,160,228571.42857142855,16784,645
periodic_reoptimization,8,5,57142.857142857145,222050,4133,180,285714.2857142857,20917,825
periodic_reoptimization,8,6,57142.857142857145,221401,4404,170,342857.14285714284,25321,995
periodic_reoptimization,8,7,57142.857142857145,216233,4546,175,400000.0,29867,1170
periodic_reoptimization,8,8,57142.857142857145,215763,4177,151,457142.85714285716,34044,1321
periodic_reoptimization,8,9,57142.857142857145,217111,4114,170,514285.7142857143,38158,1491
periodic_reoptimization,8,10,57142.85714285714,226165,4060,154,571428.5714285715,42218,1645
periodic_reoptimization,8,11,57142.85714285714,225853,3977,140,628571.4285714286,46195,1785
periodic_reoptimization,8,12,57142.85714285714,226634,3971,171,685714.2857142858,50166,1956
periodic_reoptimization,8,13,57142.85714285713,223541,4499,170,742857.142857143,54665,2126
periodic_reoptimization,8,14,57142.85714285713,224336,4526,184,800000.0000000001,59191,2310
periodic_reoptimization,8,15,57142.85714285712,224042,4043,148,857142.8571428573,63234,2458
periodic_reoptimization,8,16,57142.857142857116,225946,3960,180,914285.7142857143,67194,2638
periodic_reoptimization,8,17,57142.857142857116,225906,3989,136,971428.5714285714,71183,2774
periodic_reoptimization,8,18,57142.857142857116,225473,4002,152,1028571.4285714284,75185,2926
periodic_reoptimization,8,19,57142.857142857196,230407,3958,177,1085714.2857142857,79143,3103
periodic_reoptimization,8,20,57142.85714285716,229869,4281,173,1142857.142857143,83424,3276
periodic_reoptimization,8,21,57142.85714285704,230988,4346,175,1200000.0,87770,3451
thompson_sampling,8,1,57142.857142857145,205033,3775,140,57142.857142857145,3775,140
thompson_sampling,8,2,57142.857142857145,252887,4050,150,114285.71428571429,7825,290
thompson_sampling,8,3,57142.85714285714,260758,3775,159,171428.57142857142,11600,449
thompson_sampling,8,4,57142.857142857145,258962,3734,177,228571.42857142858,15334,626
thompson_sampling,8,5,57142.85714285714,241956,3904,159,285714.28571428574,19238,785
thompson_sampling,8,6,57142.857142857145,241219,4445,181,342857.1428571429,23683,966
thompson_sampling,8,7,57142.85714285714,279626,3514,138,400000.00000000006,27197,1104
thompson_sampling,8,8,57142.857142857145,219785,3924,149,457142.8571428572,31121,1253
thompson_sampling,8,9,57142.85714285713,258895,3654,164,514285.7142857143,34775,1417
thompson_sampling,8,10,57142.85714285714,241205,3938,165,571428.5714285715,38713,1582
thompson_sampling,8,11,57142.85714285714,259890,3535,179,628571.4285714286,42248,1761
thompson_sampling,8,12,57142.85714285714,258823,3770,164,685714.2857142858,46018,1925
thompson_sampling,8,13,57142.85714285713,258841,3992,172,742857.142857143,50010,2097
thompson_sampling,8,14,57142.85714285713,259206,4117,167,800000.0000000001,54127,2264
thompson_sampling,8,15,57142.85714285712,241162,4095,171,857142.8571428573,58222,2435
thompson_sampling,8,16,57142.85714285712,259245,3646,177,914285.7142857144,61868,2612
thompson_sampling,8,17,57142.857142857116,241408,3895,163,971428.5714285716,65763,2775
thompson_sampling,8,18,57142.8571428571,250732,3663,165,1028571.4285714286,69426,2940
thompson_sampling,8,19,57142.85714285712,258863,3681,169,1085714.2857142857,73107,3109
thompson_sampling,8,20,57142.85714285716,259595,4028,199,1142857.1428571427,77135,3308
thompson_sampling,8,21,57142.857142857276,259139,3963,176,1200000.0,81098,3484
linucb,8,1,57142.857142857145,241138,3929,152,57142.857142857145,3929,152
linucb,8,2,57142.857142857145,259883,3829,186,114285.71428571429,7758,338
linucb,8,3,57142.85714285714,259205,3793,179,171428.57142857142,11551,517
linucb,8,4,57142.857142857145,258930,3879,178,228571.42857142858,15430,695
linucb,8,5,57142.85714285714,259353,3862,172,285714.28571428574,19292,867
linucb,8,6,57142.857142857145,227030,4423,173,342857.1428571429,23715,1040
linucb,8,7,57142.85714285714,220516,4523,176,400000.00000000006,28238,1216
linucb,8,8,57142.857142857145,246823,3820,159,457142.8571428572,32058,1375
linucb,8,9,57142.85714285713,258854,3711,163,514285.7142857143,35769,1538
linucb,8,10,57142.85714285714,258480,3740,174,571428.5714285715,39509,1712
linucb,8,11,57142.85714285714,259702,3618,173,628571.4285714286,43127,1885
linucb,8,12,57142.85714285714,259363,3824,175,685714.2857142858,46951,2060
linucb,8,13,57142.85714285713,220923,4456,177,742857.142857143,51407,2237
linucb,8,14,57142.85714285713,241050,4219,169,800000.0000000001,55626,2406
linucb,8,15,57142.85714285712,258510,3792,182,857142.8571428573,59418,2588
linucb,8,16,57142.85714285712,246903,3817,160,914285.7142857144,63235,2748
linucb,8,17,57142.857142857116,240503,3905,156,971428.5714285716,67140,2904
linucb,8,18,57142.8571428571,240797,3956,165,1028571.4285714286,71096,3069
linucb,8,19,57142.85714285712,241050,3921,203,1085714.2857142857,75017,3272
linucb,8,20,57142.85714285716,220268,4366,174,1142857.1428571427,79383,3446
linucb,8,21,57142.857142857276,240325,4229,167,1200000.0,83612,3613
oracle,8,1,57142.857142857145,258862,3758,168,57142.857142857145,3758,168
oracle,8,2,57142.857142857145,259020,3714,169,114285.71428571429,7472,337
oracle,8,3,57142.85714285714,258245,3755,170,171428.57142857142,11227,507
oracle,8,4,57142.857142857145,259023,3841,174,228571.42857142858,15068,681
oracle,8,5,57142.85714285714,258807,3797,181,285714.28571428574,18865,862
oracle,8,6,57142.857142857145,259420,4070,180,342857.1428571429,22935,1042
oracle,8,7,57142.85714285714,258771,4048,180,400000.00000000006,26983,1222
oracle,8,8,57142.857142857145,259038,3733,155,457142.8571428572,30716,1377
oracle,8,9,57142.85714285713,258647,3798,161,514285.7142857143,34514,1538
oracle,8,10,57142.85714285714,259176,3784,161,571428.5714285715,38298,1699
oracle,8,11,57142.85714285714,259255,3548,165,628571.4285714286,41846,1864
oracle,8,12,57142.85714285714,259035,3724,151,685714.2857142858,45570,2015
oracle,8,13,57142.85714285713,258718,4018,191,742857.142857143,49588,2206
oracle,8,14,57142.85714285713,258753,3878,175,800000.0000000001,53466,2381
oracle,8,15,57142.85714285712,259015,3715,157,857142.8571428573,57181,2538
oracle,8,16,57142.85714285712,258956,3691,156,914285.7142857144,60872,2694
oracle,8,17,57142.857142857116,259443,3561,177,971428.5714285716,64433,2871
oracle,8,18,57142.8571428571,258378,3710,154,1028571.4285714286,68143,3025
oracle,8,19,57142.85714285712,258409,3696,167,1085714.2857142857,71839,3192
oracle,8,20,57142.857142857145,258898,3925,186,1142857.1428571427,75764,3378
oracle,8,21,57142.857142857145,259334,4001,198,1199999.9999999998,79765,3576
static,9,1,57142.85714285714,210773,4298,129,57142.85714285714,4298,129
static,9,2,57142.85714285714,210097,4120,109,114285.71428571426,8418,238
static,9,3,57142.85714285714,210600,4248,118,171428.5714285714,12666,356
static,9,4,57142.85714285714,211077,4232,132,228571.42857142852,16898,488
static,9,5,57142.85714285714,211817,4036,119,285714.2857142856,20934,607
static,9,6,57142.85714285714,210928,4244,139,342857.1428571427,25178,746
static,9,7,57142.85714285714,210604,4244,117,399999.9999999998,29422,863
static,9,8,57142.85714285714,210396,4058,120,457142.8571428569,33480,983
static,9,9,57142.85714285714,210870,4194,137,514285.714285714,37674,1120
static,9,10,57142.85714285714,211084,4167,109,571428.5714285712,41841,1229
static,9,11,57142.85714285714,210032,4142,106,628571.4285714284,45983,1335
static,9,12,57142.85714285714,210990,4161,120,685714.2857142856,50144,1455
static,9,13,57142.85714285714,210877,4256,140,742857.1428571427,54400,1595
static,9,14,57142.85714285714,211799,4282,144,799999.9999999999,58682,1739
static,9,15,57142.85714285714,210312,4064,137,857142.857142857,62746,1876
static,9,16,57142.85714285714,210901,4129,135,914285.7142857142,66875,2011
static,9,17,57142.85714285714,211042,4123,136,971428.5714285714,70998,2147
static,9,18,57142.85714285714,210366,4189,133,1028571.4285714285,75187,2280
static,9,19,57142.85714285714,210366,4159,135,1085714.2857142857,79346,2415
static,9,20,57142.85714285714,210054,4194,126,1142857.1428571427,83540,2541
static,9,21,57142.85714285714,211265,4209,111,1199999.9999999998,87749,2652
periodic_reoptimization,9,1,57142.85714285714,210773,4298,129,57142.85714285714,4298,129
periodic_reoptimization,9,2,57142.85714285714,210097,4120,109,114285.71428571426,8418,238
periodic_reoptimization,9,3,57142.85714285714,210600,4248,118,171428.5714285714,12666,356
periodic_reoptimization,9,4,57142.857142857145,223868,4220,158,228571.42857142855,16886,514
periodic_reoptimization,9,5,57142.857142857145,224776,4018,140,285714.2857142857,20904,654
periodic_reoptimization,9,6,57142.857142857145,224332,4506,158,342857.14285714284,25410,812
periodic_reoptimization,9,7,57142.857142857145,131761,4254,191,400000.0,29664,1003
periodic_reoptimization,9,8,57142.857142857145,131750,3742,137,457142.85714285716,33406,1140
periodic_reoptimization,9,9,57142.857142857145,131730,3644,156,514285.7142857143,37050,1296
periodic_reoptimization,9,10,57142.85714285714,165744,4034,161,571428.5714285715,41084,1457
periodic_reoptimization,9,11,57142.85714285714,165288,3867,140,628571.4285714286,44951,1597
periodic_reoptimization,9,12,57142.85714285714,165081,3914,141,685714.2857142858,48865,1738
periodic_reoptimization,9,13,57142.85714285713,187287,4464,193,742857.1428571428,53329,1931
periodic_reoptimization,9,14,57142.85714285713,186639,4338,180,799999.9999999999,57667,2111
periodic_reoptimization,9,15,57142.85714285713,186762,4149,152,857142.8571428569,61816,2263
periodic_reoptimization,9,16,57142.85714285718,171862,3940,131,914285.7142857141,65756,2394
periodic_reoptimization,9,17,57142.85714285718,172255,3983,147,971428.5714285712,69739,2541
periodic_reoptimization,9,18,57142.85714285718,172918,4026,144,1028571.4285714284,73765,2685
periodic_reoptimization,9,19,57142.857142857196,182920,4012,165,1085714.2857142857,77777,2850
periodic_reoptimization,9,20,57142.85714285716,182382,4508,157,1142857.1428571427,82285,3007
periodic_reoptimization,9,21,57142.8571428572,182392,4566,208,1200000.0,86851,3215
thompson_sampling,9,1,57142.857142857145,214974,4246,137,57142.857142857145,4246,137
thompson_sampling,9,2,57142.857142857145,206658,3075,96,114285.71428571429,7321,233
thompson_sampling,9,3,57142.85714285714,139154,3787,173,171428.57142857142,11108,406
thompson_sampling,9,4,57142.857142857145,164161,3940,137,228571.42857142858,15048,543
thompson_sampling,9,5,57142.85714285714,225000,4365,170,285714.28571428574,19413,713
thompson_sampling,9,6,57142.857142857145,164206,4327,156,342857.1428571429,23740,869
thompson_sampling,9,7,57142.85714285714,130734,3677,147,400000.00000000006,27417,1016
thompson_sampling,9,8,57142.857142857145,140756,3705,140,457142.8571428572,31122,1156
thompson_sampling,9,9,57142.85714285713,141699,3504,112,514285.7142857143,34626,1268
thompson_sampling,9,10,57142.85714285714,173463,3717,140,571428.5714285715,38343,1408
thompson_sampling,9,11,57142.85714285714,158342,3940,169,628571.4285714286,42283,1577
thompson_sampling,9,12,57142.85714285714,120751,3425,137,685714.2857142858,45708,1714
thompson_sampling,9,13,57142.85714285713,142840,4191,159,742857.142857143,49899,1873
thompson_sampling,9,14,57142.85714285713,143722,4188,165,800000.0000000001,54087,2038
thompson_sampling,9,15,57142.85714285712,142846,3806,149,857142.8571428573,57893,2187
thompson_sampling,9,16,57142.85714285712,118981,3602,133,914285.7142857144,61495,2320
thompson_sampling,9,17,57142.857142857116,163913,3798,142,971428.5714285716,65293,2462
thompson_sampling,9,18,57142.8571428571,157345,3954,157,1028571.4285714286,69247,2619
thompson_sampling,9,19,57142.85714285712,140778,3542,145,1085714.2857142857,72789,2764
thompson_sampling,9,20,57142.85714285716,158784,4310,183,1142857.1428571427,77099,2947
thompson_sampling,9,21,57142.857142857276,142907,4213,187,1200000.0,81312,3134
linucb,9,1,57142.857142857145,216627,4235,136,57142.857142857145,4235,136
linucb,9,2,57142.857142857145,260464,4419,125,114285.71428571429,8654,261
linucb,9,3,57142.85714285714,252659,4333,153,171428.57142857142,12987,414
linucb,9,4,57142.857142857145,277745,4665,130,228571.42857142858,17652,544
linucb,9,5,57142.85714285714,260500,4539,158,285714.28571428574,22191,702
linucb,9,6,57142.857142857145,268393,4720,134,342857.1428571429,26911,836
linucb,9,7,57142.85714285714,260457,4828,150,400000.00000000006,31739,986
linucb,9,8,57142.857142857145,261123,4474,131,457142.8571428572,36213,1117
linucb,9,9,57142.85714285713,260446,4411,149,514285.7142857143,40624,1266
linucb,9,10,57142.85714285714,277094,4494,121,571428.5714285715,45118,1387
linucb,9,11,57142.85714285714,283843,4549,147,628571.4285714286,49667,1534
linucb,9,12,57142.85714285714,284984,4736,144,685714.2857142858,54403,1678
linucb,9,13,57142.85714285713,284462,4968,152,742857.142857143,59371,1830
linucb,9,14,57142.85714285713,283974,5008,147,800000.0000000001,64379,1977
linucb,9,15,57142.85714285712,299492,4769,150,857142.8571428573,69148,2127
linucb,9,16,57142.85714285712,284164,4674,153,914285.7142857144,73822,2280
linucb,9,17,57142.857142857116,299466,4899,144,971428.5714285716,78721,2424
linucb,9,18,57142.8571428571,297684,4750,143,1028571.4285714286,83471,2567
linucb,9,19,57142.85714285712,272429,4551,118,1085714.2857142857,88022,2685
linucb,9,20,57142.85714285716,260819,4768,146,1142857.1428571427,92790,2831
linucb,9,21,57142.857142857276,298714,4983,150,1200000.0,97773,2981
oracle,9,1,57142.857142857145,166605,4058,155,57142.857142857145,4058,155
oracle,9,2,57142.857142857145,166340,3961,134,114285.71428571429,8019,289
oracle,9,3,57142.85714285714,166634,3931,174,171428.57142857142,11950,463
oracle,9,4,57142.857142857145,167334,3983,148,228571.42857142855,15933,611
oracle,9,5,57142.857142857145,166759,3971,173,285714.2857142857,19904,784
oracle,9,6,57142.857142857145,166737,4453,151,342857.14285714284,24357,935
oracle,9,7,57142.857142857145,167053,4462,186,400000.0,28819,1121
oracle,9,8,57142.857142857145,166381,3874,148,457142.85714285716,32693,1269
oracle,9,9,57142.857142857145,166284,3833,155,514285.7142857143,36526,1424
oracle,9,10,57142.85714285714,166927,4024,158,571428.5714285715,40550,1582
oracle,9,11,57142.85714285714,166873,4039,164,628571.4285714286,44589,1746
oracle,9,12,57142.85714285714,165426,4028,150,685714.2857142858,48617,1896
oracle,9,13,57142.85714285713,166386,4480,150,742857.142857143,53097,2046
oracle,9,14,57142.85714285713,166226,4396,164,800000.0000000001,57493,2210
oracle,9,15,57142.85714285712,165620,3954,157,857142.8571428573,61447,2367
oracle,9,16,57142.85714285712,166137,3886,131,914285.7142857144,65333,2498
oracle,9,17,57142.857142857116,166013,3982,154,971428.5714285716,69315,2652
oracle,9,18,57142.8571428571,166948,4006,145,1028571.4285714288,73321,2797
oracle,9,19,57142.85714285708,166950,3946,165,1085714.2857142857,77267,2962
oracle,9,20,57142.857142857145,166266,4394,170,1142857.1428571427,81661,3132
oracle,9,21,57142.857142857145,166572,4290,180,1199999.9999999998,85951,3312
static,10,1,57142.85714285714,207564,4448,119,57142.85714285714,4448,119
static,10,2,57142.85714285714,206786,4488,151,114285.71428571426,8936,270
static,10,3,57142.85714285714,207279,4421,134,171428.5714285714,13357,404
static,10,4,57142.85714285714,206578,4521,123,228571.42857142852,17878,527
static,10,5,57142.85714285714,206718,4432,121,285714.2857142856,22310,648
static,10,6,57142.85714285714,207250,4287,117,342857.1428571427,26597,765
static,10,7,57142.85714285714,207199,4217,142,399999.9999999998,30814,907
static,10,8,57142.85714285714,207738,4414,146,457142.8571428569,35228,1053
static,10,9,57142.85714285714,207878,4525,105,514285.714285714,39753,1158
static,10,10,57142.85714285714,207566,4477,151,571428.5714285712,44230,1309
static,10,11,57142.85714285714,207284,4483,137,628571.4285714284,48713,1446
static,10,12,57142.85714285714,207177,4449,128,685714.2857142856,53162,1574
static,10,13,57142.85714285714,207016,4078,113,742857.1428571427,57240,1687
static,10,14,57142.85714285714,206156,4198,111,799999.9999999999,61438,1798
static,10,15,57142.85714285714,207072,4419,136,857142.857142857,65857,1934
static,10,16,57142.85714285714,206994,4390,147,914285.7142857142,70247,2081
static,10,17,57142.85714285714,207072,4394,136,971428.5714285714,74641,2217
static,10,18,57142.85714285714,207306,4442,133,1028571.4285714285,79083,2350
static,10,19,57142.85714285714,207086,4318,120,1085714.2857142857,83401,2470
static,10,20,57142.85714285714,207740,4147,119,1142857.1428571427,87548,2589
static,10,21,57142.85714285714,206633,4107,123,1199999.9999999998,91655,2712
periodic_reoptimization,10,1,57142.85714285714,207564,4448,119,57142.85714285714,4448,119
periodic_reoptimization,10,2,57142.85714285714,206786,4488,151,114285.71428571426,8936,270
periodic_reoptimization,10,3,57142.85714285714,207279,4421,134,171428.5714285714,13357,404
periodic_reoptimization,10,4,57142.857142857145,214146,4022,125,228571.42857142852,17379,529
periodic_reoptimization,10,5,57142.857142857145,213657,4079,140,285714.2857142857,21458,669
periodic_reoptimization,10,6,57142.857142857145,214493,3548,122,342857.14285714284,25006,791
periodic_reoptimization,10,7,57142.857142857145,215312,3525,112,400000.0,28531,903
periodic_reoptimization,10,8,57142.857142857145,214912,3928,142,457142.85714285716,32459,1045
periodic_reoptimization,10,9,57142.857142857145,213911,3882,124,514285.7142857143,36341,1169
periodic_reoptimization,10,10,57142.85714285714,213289,3927,139,571428.5714285715,40268,1308
periodic_reoptimization,10,11,57142.85714285714,211899,3939,110,628571.4285714286,44207,1418
periodic_reoptimization,10,12,57142.85714285714,212456,3914,139,685714.2857142858,48121,1557
periodic_reoptimization,10,13,57142.85714285713,214305,3536,114,742857.142857143,51657,1671
periodic_reoptimization,10,14,57142.85714285713,215298,3593,106,800000.0000000001,55250,1777
periodic_reoptimization,10,15,57142.85714285712,214374,3936,127,857142.8571428573,59186,1904
periodic_reoptimization,10,16,57142.85714285712,215143,3959,128,914285.7142857144,63145,2032
periodic_reoptimization,10,17,57142.857142857116,214958,3884,111,971428.5714285716,67029,2143
periodic_reoptimization,10,18,57142.8571428571,214234,3952,130,1028571.4285714286,70981,2273
periodic_reoptimization,10,19,57142.857142857116,214541,3891,134,1085714.2857142857,74872,2407
periodic_reoptimization,10,20,57142.857142857116,214462,3472,106,1142857.1428571427,78344,2513
periodic_reoptimization,10,21,57142.857142857116,214381,3498,126,1199999.9999999998,81842,2639
thompson_sampling,10,1,57142.857142857145,168655,3305,93,57142.857142857145,3305,93
thompson_sampling,10,2,57142.857142857145,255754,4579,163,114285.71428571429,7884,256
thompson_sampling,10,3,57142.85714285714,240271,4431,121,171428.57142857142,12315,377
thompson_sampling,10,4,57142.857142857145,251479,3606,111,228571.42857142858,15921,488
thompson_sampling,10,5,57142.85714285714,231073,4201,129,285714.28571428574,20122,617
thompson_sampling,10,6,57142.857142857145,243883,4232,136,342857.1428571429,24354,753
thompson_sampling,10,7,57142.85714285714,237867,4212,146,400000.00000000006,28566,899
thompson_sampling,10,8,57142.857142857145,217685,4089,126,457142.8571428572,32655,1025
thompson_sampling,10,9,57142.85714285713,217168,3803,131,514285.7142857143,36458,1156
thompson_sampling,10,10,57142.85714285714,216939,3942,151,571428.5714285715,40400,1307
thompson_sampling,10,11,57142.85714285714,241658,4242,150,628571.4285714286,44642,1457
thompson_sampling,10,12,57142.85714285714,227746,4180,111,685714.2857142858,48822,1568
thompson_sampling,10,13,57142.85714285713,227299,3968,137,742857.142857143,52790,1705
thompson_sampling,10,14,57142.85714285713,240202,4404,144,800000.0000000001,57194,1849
thompson_sampling,10,15,57142.85714285712,244603,4341,128,857142.8571428573,61535,1977
thompson_sampling,10,16,57142.85714285712,245425,4386,129,914285.7142857144,65921,2106
thompson_sampling,10,17,57142.857142857116,218514,3792,118,971428.5714285716,69713,2224
thompson_sampling,10,18,57142.8571428571,245516,4379,136,1028571.4285714286,74092,2360
thompson_sampling,10,19,57142.85714285712,230127,4164,117,1085714.2857142857,78256,2477
thompson_sampling,10,20,57142.85714285716,226828,4054,135,1142857.1428571427,82310,2612
thompson_sampling,10,21,57142.857142857276,230414,4187,147,1200000.0,86497,2759
linucb,10,1,57142.857142857145,236909,4522,118,57142.857142857145,4522,118
linucb,10,2,57142.857142857145,255757,4579,162,114285.71428571429,9101,280
linucb,10,3,57142.85714285714,244915,4275,121,171428.57142857142,13376,401
linucb,10,4,57142.857142857145,252511,4388,133,228571.42857142858,17764,534
linucb,10,5,57142.85714285714,240513,4460,140,285714.28571428574,22224,674
linucb,10,6,57142.857142857145,230751,4715,141,342857.1428571429,26939,815
linucb,10,7,57142.85714285714,254071,4824,143,400000.00000000006,31763,958
linucb,10,8,57142.857142857145,248927,4632,128,457142.8571428572,36395,1086
linucb,10,9,57142.85714285713,231448,4644,130,514285.7142857143,41039,1216
linucb,10,10,57142.85714285714,241386,4761,129,571428.5714285715,45800,1345
linucb,10,11,57142.85714285714,248882,4660,111,628571.4285714286,50460,1456
linucb,10,12,57142.85714285714,235636,4768,103,685714.2857142858,55228,1559
linucb,10,13,57142.85714285713,236657,4597,131,742857.142857143,59825,1690
linucb,10,14,57142.85714285713,243089,4969,146,800000.0000000001,64794,1836
linucb,10,15,57142.85714285712,237509,4742,124,857142.8571428573,69536,1960
linucb,10,16,57142.85714285712,226055,4658,120,914285.7142857144,74194,2080
linucb,10,17,57142.857142857116,223767,4485,123,971428.5714285716,78679,2203
linucb,10,18,57142.8571428571,238340,4784,131,1028571.4285714286,83463,2334
linucb,10,19,57142.85714285712,225417,4608,116,1085714.2857142857,88071,2450
linucb,10,20,57142.85714285716,225134,4761,128,1142857.1428571427,92832,2578
linucb,10,21,57142.857142857276,248246,4767,144,1200000.0,97599,2722
oracle,10,1,57142.85714285713,213086,3876,124,57142.85714285713,3876,124
oracle,10,2,57142.85714285713,212948,3694,119,114285.71428571428,7570,243
oracle,10,3,57142.85714285713,213148,3878,134,171428.57142857142,11448,377
oracle,10,4,57142.85714285713,212602,3907,135,228571.42857142858,15355,512
oracle,10,5,57142.85714285713,212838,3853,129,285714.2857142857,19208,641
oracle,10,6,57142.85714285713,212762,3921,157,342857.1428571428,23129,798
oracle,10,7,57142.85714285713,212815,3956,165,399999.9999999999,27085,963
oracle,10,8,57142.85714285713,213460,3997,134,457142.857142857,31082,1097
oracle,10,9,57142.85714285713,212152,4018,133,514285.7142857141,35100,1230
oracle,10,10,57142.85714285713,212405,3867,145,571428.5714285712,38967,1375
oracle,10,11,57142.85714285713,212784,3871,139,628571.4285714284,42838,1514
oracle,10,12,57142.85714285713,212909,3882,136,685714.2857142856,46720,1650
oracle,10,13,57142.85714285713,212816,3939,162,742857.1428571427,50659,1812
oracle,10,14,57142.85714285713,212061,3906,144,799999.9999999999,54565,1956
oracle,10,15,57142.85714285713,212808,3868,145,857142.857142857,58433,2101
oracle,10,16,57142.85714285713,212972,3903,158,914285.7142857142,62336,2259
oracle,10,17,57142.85714285713,212880,3758,133,971428.5714285714,66094,2392
oracle,10,18,57142.85714285713,212603,3814,134,1028571.4285714285,69908,2526
oracle,10,19,57142.85714285713,212522,3798,113,1085714.285714286,73706,2639
oracle,10,20,57142.85714285704,212422,3956,132,1142857.142857143,77662,2771
oracle,10,21,57142.85714285704,212509,3804,141,1200000.0,81466,2912
static,11,1,57142.85714285714,217396,3919,131,57142.85714285714,3919,131
static,11,2,57142.85714285714,217571,3903,117,114285.71428571426,7822,248
static,11,3,57142.85714285714,217442,3932,144,171428.5714285714,11754,392
static,11,4,57142.85714285714,218016,3854,120,228571.42857142852,15608,512
static,11,5,57142.85714285714,217486,3909,128,285714.2857142856,19517,640
static,11,6,57142.85714285714,217697,3860,130,342857.1428571427,23377,770
static,11,7,57142.85714285714,216698,3877,136,399999.9999999998,27254,906
static,11,8,57142.85714285714,217295,3947,127,457142.8571428569,31201,1033
static,11,9,57142.85714285714,218165,3979,95,514285.714285714,35180,1128
static,11,10,57142.85714285714,218700,3935,131,571428.5714285712,39115,1259
static,11,11,57142.85714285714,218734,3917,119,628571.4285714284,43032,1378
static,11,12,57142.85714285714,217402,3825,132,685714.2857142856,46857,1510
static,11,13,57142.85714285714,218206,3929,123,742857.1428571427,50786,1633
static,11,14,57142.85714285714,218085,3844,114,799999.9999999999,54630,1747
static,11,15,57142.85714285714,217308,3869,125,857142.857142857,58499,1872
static,11,16,57142.85714285714,217806,3982,129,914285.7142857142,62481,2001
static,11,17,57142.85714285714,218568,3988,127,971428.5714285714,66469,2128
static,11,18,57142.85714285714,216625,3780,117,1028571.4285714285,70249,2245
static,11,19,57142.85714285714,217882,3899,139,1085714.2857142857,74148,2384
static,11,20,57142.85714285714,217568,3793,121,1142857.1428571427,77941,2505
static,11,21,57142.85714285714,217816,3814,131,1199999.9999999998,81755,2636
periodic_reoptimization,11,1,57142.85714285714,217396,3919,131,57142.85714285714,3919,131
periodic_reoptimization,11,2,57142.85714285714,217571,3903,117,114285.71428571426,7822,248
periodic_reoptimization,11,3,57142.85714285714,217442,3932,144,171428.5714285714,11754,392
periodic_reoptimization,11,4,57142.857142857145,186116,3488,113,228571.42857142855,15242,505
periodic_reoptimization,11,5,57142.857142857145,185660,3533,120,285714.2857142856,18775,625
periodic_reoptimization,11,6,57142.857142857145,186287,3461,125,342857.14285714267,22236,750
periodic_reoptimization,11,7,57142.85714285715,225317,3550,122,399999.9999999998,25786,872
periodic_reoptimization,11,8,57142.85714285716,226546,3837,123,457142.857142857,29623,995
periodic_reoptimization,11,9,57142.85714285715,226539,3756,122,514285.71428571414,33379,1117
periodic_reoptimization,11,10,57142.85714285716,218461,3938,129,571428.5714285714,37317,1246
periodic_reoptimization,11,11,57142.85714285715,218873,3874,134,628571.4285714286,41191,1380
periodic_reoptimization,11,12,57142.85714285714,219212,4022,124,685714.2857142858,45213,1504
periodic_reoptimization,11,13,57142.85714285713,207860,3957,138,742857.142857143,49170,1642
periodic_reoptimization,11,14,57142.85714285713,207629,3827,143,800000.0000000001,52997,1785
periodic_reoptimization,11,15,57142.85714285712,208251,3987,135,857142.8571428573,56984,1920
periodic_reoptimization,11,16,57142.85714285712,204380,3994,125,914285.7142857143,60978,2045
periodic_reoptimization,11,17,57142.85714285712,203689,4084,134,971428.5714285714,65062,2179
periodic_reoptimization,11,18,57142.85714285712,204454,3923,132,1028571.4285714284,68985,2311
periodic_reoptimization,11,19,57142.857142857196,204836,4066,139,1085714.2857142857,73051,2450
periodic_reoptimization,11,20,57142.85714285716,205436,4197,134,1142857.142857143,77248,2584
periodic_reoptimization,11,21,57142.85714285704,205263,4106,122,1200000.0,81354,2706
thompson_sampling,11,1,57142.857142857145,230673,3960,113,57142.857142857145,3960,113
thompson_sampling,11,2,57142.857142857145,179314,3341,99,114285.71428571429,7301,212
thompson_sampling,11,3,57142.85714285714,165748,3945,132,171428.57142857142,11246,344
thompson_sampling,11,4,57142.857142857145,148548,3577,118,228571.42857142858,14823,462
thompson_sampling,11,5,57142.85714285714,212313,3437,106,285714.28571428574,18260,568
thompson_sampling,11,6,57142.857142857145,177174,3788,136,342857.1428571429,22048,704
thompson_sampling,11,7,57142.85714285714,173016,3954,129,400000.00000000006,26002,833
thompson_sampling,11,8,57142.857142857145,155442,3715,136,457142.8571428572,29717,969
thompson_sampling,11,9,57142.85714285713,157041,4065,147,514285.7142857143,33782,1116
thompson_sampling,11,10,57142.85714285714,170590,4194,144,571428.5714285715,37976,1260
thompson_sampling,11,11,57142.85714285714,188409,3929,117,628571.4285714286,41905,1377
thompson_sampling,11,12,57142.85714285714,161963,3854,122,685714.2857142858,45759,1499
thompson_sampling,11,13,57142.85714285713,166073,4486,150,742857.142857143,50245,1649
thompson_sampling,11,14,57142.85714285713,166199,4118,137,800000.0000000001,54363,1786
thompson_sampling,11,15,57142.85714285712,144266,4140,128,857142.8571428573,58503,1914
thompson_sampling,11,16,57142.85714285712,141164,4020,134,914285.7142857144,62523,2048
thompson_sampling,11,17,57142.857142857116,163570,4063,131,971428.5714285716,66586,2179
thompson_sampling,11,18,57142.8571428571,187799,4108,152,1028571.4285714286,70694,2331
thompson_sampling,11,19,57142.85714285712,172425,4179,135,1085714.2857142857,74873,2466
thompson_sampling,11,20,57142.85714285716,163197,4310,119,1142857.1428571427,79183,2585
thompson_sampling,11,21,57142.857142857276,142264,4365,133,1200000.0,83548,2718
linucb,11,1,57142.857142857145,203394,3967,131,57142.857142857145,3967,131
linucb,11,2,57142.857142857145,213883,4300,121,114285.71428571429,8267,252
linucb,11,3,57142.85714285714,187496,3977,131,171428.57142857142,12244,383
linucb,11,4,57142.857142857145,162256,4139,124,228571.42857142858,16383,507
linucb,11,5,57142.85714285714,161164,4166,127,285714.28571428574,20549,634
linucb,11,6,57142.857142857145,192380,4413,117,342857.1428571429,24962,751
linucb,11,7,57142.85714285714,163934,4187,122,400000.00000000006,29149,873
linucb,11,8,57142.857142857145,134516,3688,131,457142.8571428572,32837,1004
linucb,11,9,57142.85714285713,140684,3926,164,514285.7142857143,36763,1168
linucb,11,10,57142.85714285714,140603,3897,124,571428.5714285715,40660,1292
linucb,11,11,57142.85714285714,144769,4107,127,628571.4285714286,44767,1419
linucb,11,12,57142.85714285714,167377,4038,119,685714.2857142858,48805,1538
linucb,11,13,57142.85714285713,143881,4374,133,742857.142857143,53179,1671
linucb,11,14,57142.85714285713,157391,4128,138,800000.0000000001,57307,1809
linucb,11,15,57142.85714285712,163364,4004,138,857142.8571428573,61311,1947
linucb,11,16,57142.85714285712,179104,4064,123,914285.7142857144,65375,2070
linucb,11,17,57142.857142857116,203572,3968,139,971428.5714285716,69343,2209
linucb,11,18,57142.8571428571,202821,3992,147,1028571.4285714286,73335,2356
linucb,11,19,57142.85714285712,199652,3898,122,1085714.2857142857,77233,2478
linucb,11,20,57142.85714285716,163203,4235,119,1142857.1428571427,81468,2597
linucb,11,21,57142.857142857276,163691,4350,131,1200000.0,85818,2728
oracle,11,1,57142.857142857145,155491,4097,137,57142.857142857145,4097,137
oracle,11,2,57142.857142857145,155422,4083,122,114285.71428571429,8180,259
oracle,11,3,57142.85714285714,155893,4136,145,171428.57142857142,12316,404
oracle,11,4,57142.857142857145,155682,4100,126,228571.42857142858,16416,530
oracle,11,5,57142.85714285714,155728,4094,131,285714.28571428574,20510,661
oracle,11,6,57142.857142857145,155912,4405,124,342857.1428571429,24915,785
oracle,11,7,57142.85714285714,155836,4462,148,400000.00000000006,29377,933
oracle,11,8,57142.857142857145,155224,4046,141,457142.8571428572,33423,1074
oracle,11,9,57142.85714285713,155684,4132,142,514285.7142857144,37555,1216
oracle,11,10,57142.85714285714,156002,4042,125,571428.5714285714,41597,1341
oracle,11,11,57142.857142857145,155699,4082,141,628571.4285714284,45679,1482
oracle,11,12,57142.857142857145,156265,4076,132,685714.2857142854,49755,1614
oracle,11,13,57142.857142857145,155753,4388,138,742857.1428571425,54143,1752
oracle,11,14,57142.857142857145,156176,4508,151,799999.9999999995,58651,1903
oracle,11,15,57142.857142857145,155799,4037,129,857142.8571428566,62688,2032
oracle,11,16,57142.857142857145,155860,4098,156,914285.7142857136,66786,2188
oracle,11,17,57142.857142857145,155823,4102,142,971428.5714285707,70888,2330
oracle,11,18,57142.857142857145,155095,4063,155,1028571.4285714277,74951,2485
oracle,11,19,57142.857142857145,156314,4049,129,1085714.285714285,79000,2614
oracle,11,20,57142.857142857145,156376,4378,143,1142857.1428571423,83378,2757
oracle,11,21,57142.857142857145,155505,4315,122,1199999.9999999995,87693,2879
static,12,1,57142.85714285714,233229,4217,154,57142.85714285714,4217,154
static,12,2,57142.85714285714,233430,4346,143,114285.71428571426,8563,297
static,12,3,57142.85714285714,233282,4395,154,171428.5714285714,12958,451
static,12,4,57142.85714285714,234231,4349,152,228571.42857142852,17307,603
static,12,5,57142.85714285714,232736,4269,166,285714.2857142856,21576,769
static,12,6,57142.85714285714,233894,3909,137,342857.1428571427,25485,906
static,12,7,57142.85714285714,233501,3860,127,399999.9999999998,29345,1033
static,12,8,57142.85714285714,233865,4274,147,457142.8571428569,33619,1180
static,12,9,57142.85714285714,232715,4357,144,514285.714285714,37976,1324
static,12,10,57142.85714285714,234013,4278,142,571428.5714285712,42254,1466
static,12,11,57142.85714285714,233685,4268,160,628571.4285714284,46522,1626
static,12,12,57142.85714285714,234287,4330,140,685714.2857142856,50852,1766
static,12,13,57142.85714285714,234345,3928,139,742857.1428571427,54780,1905
static,12,14,57142.85714285714,233695,3899,131,799999.9999999999,58679,2036
static,12,15,57142.85714285714,233686,4413,163,857142.857142857,63092,2199
static,12,16,57142.85714285714,233402,4353,155,914285.7142857142,67445,2354
static,12,17,57142.85714285714,233011,4276,128,971428.5714285714,71721,2482
static,12,18,57142.85714285714,233144,4436,133,1028571.4285714285,76157,2615
static,12,19,57142.85714285714,233138,4295,174,1085714.2857142857,80452,2789
static,12,20,57142.85714285714,233682,3763,122,1142857.1428571427,84215,2911
static,12,21,57142.85714285714,233394,3736,120,1199999.9999999998,87951,3031
periodic_reoptimization,12,1,57142.85714285714,233229,4217,154,57142.85714285714,4217,154
periodic_reoptimization,12,2,57142.85714285714,233430,4346,143,114285.71428571426,8563,297
periodic_reoptimization,12,3,57142.85714285714,233282,4395,154,171428.5714285714,12958,451
periodic_reoptimization,12,4,57142.857142857145,210182,4397,162,228571.42857142852,17355,613
periodic_reoptimization,12,5,57142.857142857145,210718,4304,128,285714.2857142857,21659,741
periodic_reoptimization,12,6,57142.857142857145,210074,3966,140,342857.14285714284,25625,881
periodic_reoptimization,12,7,57142.85714285714,228636,3851,145,400000.0,29476,1026
periodic_reoptimization,12,8,57142.85714285714,229260,4219,148,457142.85714285716,33695,1174
periodic_reoptimization,12,9,57142.85714285714,229617,4216,179,514285.7142857143,37911,1353
periodic_reoptimization,12,10,57142.85714285714,240344,4173,148,571428.5714285714,42084,1501
periodic_reoptimization,12,11,57142.85714285714,240289,4165,149,628571.4285714284,46249,1650
periodic_reoptimization,12,12,57142.85714285714,239758,4136,178,685714.2857142854,50385,1828
periodic_reoptimization,12,13,57142.857142857174,245878,3761,165,742857.1428571426,54146,1993
periodic_reoptimization,12,14,57142.857142857174,246065,3777,140,799999.9999999998,57923,2133
periodic_reoptimization,12,15,57142.857142857174,246137,4123,163,857142.8571428569,62046,2296
periodic_reoptimization,12,16,57142.85714285718,244715,4068,160,914285.7142857141,66114,2456
periodic_reoptimization,12,17,57142.85714285718,244226,4166,159,971428.5714285712,70280,2615
periodic_reoptimization,12,18,57142.85714285719,244583,4182,145,1028571.4285714284,74462,2760
periodic_reoptimization,12,19,57142.857142857196,250708,3950,146,1085714.2857142854,78412,2906
periodic_reoptimization,12,20,57142.8571428572,251559,3681,148,1142857.1428571425,82093,3054
periodic_reoptimization,12,21,57142.8571428572,252220,3725,163,1199999.9999999995,85818,3217
thompson_sampling,12,1,57142.857142857145,168656,4122,120,57142.857142857145,4122,120
thompson_sampling,12,2,57142.857142857145,140355,3421,138,114285.71428571429,7543,258
thompson_sampling,12,3,57142.85714285714,143851,3620,150,171428.57142857142,11163,408
thompson_sampling,12,4,57142.857142857145,177333,3560,139,228571.42857142858,14723,547
thompson_sampling,12,5,57142.85714285714,171217,3647,161,285714.28571428574,18370,708
thompson_sampling,12,6,57142.857142857145,158063,3337,137,342857.1428571429,21707,845
thompson_sampling,12,7,57142.85714285714,136497,3509,137,400000.00000000006,25216,982
thompson_sampling,12,8,57142.857142857145,161584,3418,156,457142.8571428572,28634,1138
thompson_sampling,12,9,57142.85714285713,140797,3265,136,514285.7142857143,31899,1274
thompson_sampling,12,10,57142.85714285714,139899,3289,144,571428.5714285715,35188,1418
thompson_sampling,12,11,57142.85714285714,170184,2915,131,628571.4285714286,38103,1549
thompson_sampling,12,12,57142.85714285714,116191,3691,129,685714.2857142858,41794,1678
thompson_sampling,12,13,57142.85714285713,143249,3404,127,742857.142857143,45198,1805
thompson_sampling,12,14,57142.85714285713,145179,3606,134,800000.0000000001,48804,1939
thompson_sampling,12,15,57142.85714285712,139745,3409,164,857142.8571428573,52213,2103
thompson_sampling,12,16,57142.85714285712,143628,3610,162,914285.7142857144,55823,2265
thompson_sampling,12,17,57142.857142857116,191783,3515,153,971428.5714285716,59338,2418
thompson_sampling,12,18,57142.8571428571,170859,3524,148,1028571.4285714286,62862,2566
thompson_sampling,12,19,57142.85714285712,145253,3547,125,1085714.2857142857,66409,2691
thompson_sampling,12,20,57142.85714285716,137816,3051,149,1142857.1428571427,69460,2840
thompson_sampling,12,21,57142.857142857276,144714,3016,143,1200000.0,72476,2983
linucb,12,1,57142.857142857145,226940,4283,168,57142.857142857145,4283,168
linucb,12,2,57142.857142857145,272840,3810,161,114285.71428571429,8093,329
linucb,12,3,57142.85714285714,272847,3865,164,171428.57142857142,11958,493
linucb,12,4,57142.857142857145,272907,3871,184,228571.42857142858,15829,677
linucb,12,5,57142.85714285714,272752,3800,166,285714.28571428574,19629,843
linucb,12,6,57142.857142857145,251808,3646,156,342857.1428571429,23275,999
linucb,12,7,57142.85714285714,250746,3704,168,400000.00000000006,26979,1167
linucb,12,8,57142.857142857145,272850,3824,146,457142.8571428572,30803,1313
linucb,12,9,57142.85714285713,273564,3742,166,514285.7142857143,34545,1479
linucb,12,10,57142.85714285714,272934,3935,160,571428.5714285715,38480,1639
linucb,12,11,57142.85714285714,273570,3843,159,628571.4285714286,42323,1798
linucb,12,12,57142.85714285714,272869,3826,192,685714.2857142858,46149,1990
linucb,12,13,57142.85714285713,251326,3732,118,742857.142857143,49881,2108
linucb,12,14,57142.85714285713,272751,3399,165,800000.0000000001,53280,2273
linucb,12,15,57142.85714285712,273589,3845,191,857142.8571428573,57125,2464
linucb,12,16,57142.85714285712,273972,3801,172,914285.7142857144,60926,2636
linucb,12,17,57142.857142857116,273343,3913,168,971428.5714285716,64839,2804
linucb,12,18,57142.8571428571,273241,3801,180,1028571.4285714286,68640,2984
linucb,12,19,57142.85714285712,272704,3798,175,1085714.2857142857,72438,3159
linucb,12,20,57142.85714285716,250985,3722,159,1142857.1428571427,76160,3318
linucb,12,21,57142.857142857276,257536,3528,130,1200000.0,79688,3448
oracle,12,1,57142.857142857145,272586,3785,172,57142.857142857145,3785,172
oracle,12,2,57142.857142857145,274295,3770,146,114285.71428571429,7555,318
oracle,12,3,57142.85714285714,273122,3822,192,171428.57142857142,11377,510
oracle,12,4,57142.857142857145,273036,3765,157,228571.42857142858,15142,667
oracle,12,5,57142.85714285714,272896,3832,161,285714.28571428574,18974,828
oracle,12,6,57142.857142857145,273359,3458,157,342857.1428571429,22432,985
oracle,12,7,57142.85714285714,272594,3409,161,400000.00000000006,25841,1146
oracle,12,8,57142.857142857145,273077,3813,179,457142.8571428572,29654,1325
oracle,12,9,57142.85714285713,272509,3779,160,514285.7142857143,33433,1485
oracle,12,10,57142.85714285714,273280,3813,158,571428.5714285715,37246,1643
oracle,12,11,57142.85714285714,273687,3751,187,628571.4285714286,40997,1830
oracle,12,12,57142.85714285714,274195,3905,178,685714.2857142858,44902,2008
oracle,12,13,57142.85714285713,273457,3409,138,742857.142857143,48311,2146
oracle,12,14,57142.85714285713,273173,3478,150,800000.0000000001,51789,2296
oracle,12,15,57142.85714285712,272945,3858,194,857142.8571428573,55647,2490
oracle,12,16,57142.85714285712,273869,3837,166,914285.7142857144,59484,2656
oracle,12,17,57142.857142857116,273343,3911,168,971428.5714285716,63395,2824
oracle,12,18,57142.8571428571,273241,3801,180,1028571.4285714286,67196,3004
oracle,12,19,57142.85714285712,272704,3797,175,1085714.2857142857,70993,3179
oracle,12,20,57142.857142857145,272834,3480,156,1142857.1428571427,74473,3335
oracle,12,21,57142.857142857145,272678,3337,138,1199999.9999999998,77810,3473
static,13,1,57142.85714285714,212276,4350,155,57142.85714285714,4350,155
static,13,2,57142.85714285714,212136,4309,170,114285.71428571426,8659,325
static,13,3,57142.85714285714,211931,4211,158,171428.5714285714,12870,483
static,13,4,57142.85714285714,211757,4313,147,228571.42857142852,17183,630
static,13,5,57142.85714285714,212175,4254,162,285714.2857142856,21437,792
static,13,6,57142.85714285714,211660,3891,152,342857.1428571427,25328,944
static,13,7,57142.85714285714,212845,3862,164,399999.9999999998,29190,1108
static,13,8,57142.85714285714,211535,4253,175,457142.8571428569,33443,1283
static,13,9,57142.85714285714,212210,4316,163,514285.714285714,37759,1446
static,13,10,57142.85714285714,212303,4281,169,571428.5714285712,42040,1615
static,13,11,57142.85714285714,211829,4190,181,628571.4285714284,46230,1796
static,13,12,57142.85714285714,212497,4308,170,685714.2857142856,50538,1966
static,13,13,57142.85714285714,211913,3931,133,742857.1428571427,54469,2099
static,13,14,57142.85714285714,212193,3948,153,799999.9999999999,58417,2252
static,13,15,57142.85714285714,211600,4207,149,857142.857142857,62624,2401
static,13,16,57142.85714285714,211783,4222,139,914285.7142857142,66846,2540
static,13,17,57142.85714285714,212378,4275,141,971428.5714285714,71121,2681
static,13,18,57142.85714285714,212557,4244,148,1028571.4285714285,75365,2829
static,13,19,57142.85714285714,212529,4264,161,1085714.2857142857,79629,2990
static,13,20,57142.85714285714,212104,3816,150,1142857.1428571427,83445,3140
static,13,21,57142.85714285714,212642,3838,145,1199999.9999999998,87283,3285
periodic_reoptimization,13,1,57142.85714285714,212276,4350,155,57142.85714285714,4350,155
periodic_reoptimization,13,2,57142.85714285714,212136,4309,170,114285.71428571426,8659,325
periodic_reoptimization,13,3,57142.85714285714,211931,4211,158,171428.5714285714,12870,483
periodic_reoptimization,13,4,57142.857142857145,215706,3849,146,228571.42857142852,16719,629
periodic_reoptimization,13,5,57142.857142857145,216242,3877,152,285714.2857142857,20596,781
periodic_reoptimization,13,6,57142.857142857145,215899,3573,136,342857.14285714284,24169,917
periodic_reoptimization,13,7,57142.857142857145,215611,3537,154,400000.0,27706,1071
periodic_reoptimization,13,8,57142.857142857145,215947,3908,189,457142.85714285716,31614,1260
periodic_reoptimization,13,9,57142.857142857145,215540,3831,165,514285.7142857143,35445,1425
periodic_reoptimization,13,10,57142.85714285714,215804,3935,178,571428.5714285715,39380,1603
periodic_reoptimization,13,11,57142.85714285714,215858,3943,168,628571.4285714286,43323,1771
periodic_reoptimization,13,12,57142.85714285714,215603,3912,190,685714.2857142858,47235,1961
periodic_reoptimization,13,13,57142.85714285713,216556,3589,160,742857.142857143,50824,2121
periodic_reoptimization,13,14,57142.85714285713,215550,3520,141,800000.0000000001,54344,2262
periodic_reoptimization,13,15,57142.85714285712,215496,3835,175,857142.8571428573,58179,2437
periodic_reoptimization,13,16,57142.85714285712,216606,3850,139,914285.7142857144,62029,2576
periodic_reoptimization,13,17,57142.857142857116,215942,3866,144,971428.5714285716,65895,2720
periodic_reoptimization,13,18,57142.8571428571,215827,3858,174,1028571.4285714286,69753,2894
periodic_reoptimization,13,19,57142.85714285712,215993,3878,175,1085714.2857142857,73631,3069
periodic_reoptimization,13,20,57142.85714285712,215980,3580,130,1142857.1428571427,77211,3199
periodic_reoptimization,13,21,57142.85714285712,215854,3627,144,1199999.9999999998,80838,3343
thompson_sampling,13,1,57142.857142857145,166165,3530,121,57142.857142857145,3530,121
thompson_sampling,13,2,57142.857142857145,249058,3857,184,114285.71428571429,7387,305
thompson_sampling,13,3,57142.85714285714,243648,4130,164,171428.57142857142,11517,469
thompson_sampling,13,4,57142.857142857145,197367,3508,149,228571.42857142858,15025,618
thompson_sampling,13,5,57142.85714285714,215550,3773,159,285714.28571428574,18798,777
thompson_sampling,13,6,57142.857142857145,251363,4103,155,342857.1428571429,22901,932
thompson_sampling,13,7,57142.85714285714,215666,3708,149,400000.00000000006,26609,1081
thompson_sampling,13,8,57142.857142857145,216623,3797,144,457142.8571428572,30406,1225
thompson_sampling,13,9,57142.85714285713,229284,4107,152,514285.7142857143,34513,1377
thompson_sampling,13,10,57142.85714285714,216681,3805,173,571428.5714285715,38318,1550
thompson_sampling,13,11,57142.85714285714,244024,4058,165,628571.4285714286,42376,1715
thompson_sampling,13,12,57142.85714285714,215477,3771,150,685714.2857142858,46147,1865
thompson_sampling,13,13,57142.85714285713,216117,3528,132,742857.142857143,49675,1997
thompson_sampling,13,14,57142.85714285713,209556,3738,156,800000.0000000001,53413,2153
thompson_sampling,13,15,57142.85714285712,236588,3965,158,857142.8571428573,57378,2311
thompson_sampling,13,16,57142.85714285712,236002,3962,197,914285.7142857144,61340,2508
thompson_sampling,13,17,57142.857142857116,215667,3803,175,971428.5714285716,65143,2683
thompson_sampling,13,18,57142.8571428571,215532,3907,162,1028571.4285714286,69050,2845
thompson_sampling,13,19,57142.85714285712,236711,4006,132,1085714.2857142857,73056,2977
thompson_sampling,13,20,57142.85714285716,197785,3265,136,1142857.1428571427,76321,3113
thompson_sampling,13,21,57142.857142857276,216265,3673,142,1200000.0,79994,3255
linucb,13,1,57142.857142857145,200148,4226,162,57142.857142857145,4226,162
linucb,13,2,57142.857142857145,215773,3797,193,114285.71428571429,8023,355
linucb,13,3,57142.85714285714,216298,3862,170,171428.57142857142,11885,525
linucb,13,4,57142.857142857145,211254,3959,158,228571.42857142858,15844,683
linucb,13,5,57142.85714285714,215550,3771,159,285714.28571428574,19615,842
linucb,13,6,57142.857142857145,201682,3891,153,342857.1428571429,23506,995
linucb,13,7,57142.85714285714,199408,3900,140,400000.00000000006,27406,1135
linucb,13,8,57142.857142857145,216623,3797,144,457142.8571428572,31203,1279
linucb,13,9,57142.85714285713,215742,3854,163,514285.7142857143,35057,1442
linucb,13,10,57142.85714285714,211884,4071,156,571428.5714285715,39128,1598
linucb,13,11,57142.85714285714,202570,4116,184,628571.4285714286,43244,1782
linucb,13,12,57142.85714285714,200516,4164,177,685714.2857142858,47408,1959
linucb,13,13,57142.85714285713,199870,3749,142,742857.142857143,51157,2101
linucb,13,14,57142.85714285713,200202,3829,169,800000.0000000001,54986,2270
linucb,13,15,57142.85714285712,190169,4253,168,857142.8571428573,59239,2438
linucb,13,16,57142.85714285712,187045,4165,171,914285.7142857144,63404,2609
linucb,13,17,57142.857142857116,190339,4160,161,971428.5714285716,67564,2770
linucb,13,18,57142.8571428571,199842,4194,143,1028571.4285714286,71758,2913
linucb,13,19,57142.85714285712,190570,4207,142,1085714.2857142857,75965,3055
linucb,13,20,57142.85714285716,199770,3780,143,1142857.1428571427,79745,3198
linucb,13,21,57142.857142857276,219941,3989,129,1200000.0,83734,3327
oracle,13,1,57142.85714285714,256275,4299,178,57142.85714285714,4299,178
oracle,13,2,57142.85714285714,255150,4232,175,114285.71428571428,8531,353
oracle,13,3,57142.85714285714,255063,4187,163,171428.5714285714,12718,516
oracle,13,4,57142.85714285714,254945,4214,157,228571.4285714285,16932,673
oracle,13,5,57142.85714285714,255488,4228,159,285714.2857142857,21160,832
oracle,13,6,57142.85714285714,254676,3961,161,342857.14285714284,25121,993
oracle,13,7,57142.85714285714,255179,3904,135,400000.0,29025,1128
oracle,13,8,57142.85714285714,254601,4208,176,457142.85714285716,33233,1304
oracle,13,9,57142.85714285714,254902,4153,149,514285.7142857143,37386,1453
oracle,13,10,57142.85714285714,255137,4137,161,571428.5714285714,41523,1614
oracle,13,11,57142.85714285714,255168,4168,171,628571.4285714284,45691,1785
oracle,13,12,57142.85714285714,255246,4221,153,685714.2857142854,49912,1938
oracle,13,13,57142.85714285714,254932,3990,140,742857.1428571425,53902,2078
oracle,13,14,57142.85714285714,255037,4027,122,799999.9999999995,57929,2200
oracle,13,15,57142.85714285714,255053,4180,168,857142.8571428566,62109,2368
oracle,13,16,57142.85714285714,255133,4194,181,914285.7142857136,66303,2549
oracle,13,17,57142.85714285714,255528,4251,150,971428.5714285707,70554,2699
oracle,13,18,57142.85714285714,255729,4205,156,1028571.4285714277,74759,2855
oracle,13,19,57142.85714285714,255642,4179,168,1085714.2857142847,78938,3023
oracle,13,20,57142.85714285714,255337,3905,153,1142857.1428571418,82843,3176
oracle,13,21,57142.85714285714,256086,3919,153,1199999.9999999988,86762,3329
static,14,1,57142.85714285714,214628,4734,185,57142.85714285714,4734,185
static,14,2,57142.85714285714,214669,4613,154,114285.71428571426,9347,339
static,14,3,57142.85714285714,214376,4649,152,171428.5714285714,13996,491
static,14,4,57142.85714285714,214635,4712,146,228571.42857142852,18708,637
static,14,5,57142.85714285714,214322,4688,137,285714.2857142856,23396,774
static,14,6,57142.85714285714,213606,5114,161,342857.1428571427,28510,935
static,14,7,57142.85714285714,214262,5070,184,399999.9999999998,33580,1119
static,14,8,57142.85714285714,214003,4598,195,457142.8571428569,38178,1314
static,14,9,57142.85714285714,214055,4635,167,514285.714285714,42813,1481
static,14,10,57142.85714285714,214333,4552,155,571428.5714285712,47365,1636
static,14,11,57142.85714285714,213579,4602,160,628571.4285714284,51967,1796
static,14,12,57142.85714285714,214096,4698,145,685714.2857142856,56665,1941
static,14,13,57142.85714285714,214782,5065,173,742857.1428571427,61730,2114
static,14,14,57142.85714285714,214183,5096,183,799999.9999999999,66826,2297
static,14,15,57142.85714285714,214977,4568,140,857142.857142857,71394,2437
static,14,16,57142.85714285714,214304,4661,161,914285.7142857142,76055,2598
static,14,17,57142.85714285714,213604,4606,165,971428.5714285714,80661,2763
static,14,18,57142.85714285714,214260,4629,151,1028571.4285714285,85290,2914
static,14,19,57142.85714285714,213688,4583,152,1085714.2857142857,89873,3066
static,14,20,57142.85714285714,214481,5123,171,1142857.1428571427,94996,3237
static,14,21,57142.85714285714,214423,5055,151,1199999.9999999998,100051,3388
periodic_reoptimization,14,1,57142.85714285714,214628,4734,185,57142.85714285714,4734,185
periodic_reoptimization,14,2,57142.85714285714,214669,4613,154,114285.71428571426,9347,339
periodic_reoptimization,14,3,57142.85714285714,214376,4649,152,171428.5714285714,13996,491
periodic_reoptimization,14,4,57142.857142857145,217834,4385,144,228571.42857142852,18381,635
periodic_reoptimization,14,5,57142.857142857145,217157,4321,164,285714.2857142857,22702,799
periodic_reoptimization,14,6,57142.857142857145,217236,4758,164,342857.14285714284,27460,963
periodic_reoptimization,14,7,57142.857142857145,212861,4981,149,400000.0,32441,1112
periodic_reoptimization,14,8,57142.857142857145,212874,4549,139,457142.85714285716,36990,1251
periodic_reoptimization,14,9,57142.857142857145,212547,4434,116,514285.7142857143,41424,1367
periodic_reoptimization,14,10,57142.85714285714,215200,4431,158,571428.5714285714,45855,1525
periodic_reoptimization,14,11,57142.85714285714,215759,4337,143,628571.4285714284,50192,1668
periodic_reoptimization,14,12,57142.85714285714,215296,4351,170,685714.2857142854,54543,1838
periodic_reoptimization,14,13,57142.85714285717,214726,4856,153,742857.1428571426,59399,1991
periodic_reoptimization,14,14,57142.85714285717,214167,4854,182,799999.9999999998,64253,2173
periodic_reoptimization,14,15,57142.85714285717,214922,4407,158,857142.8571428569,68660,2331
periodic_reoptimization,14,16,57142.857142857174,210909,4472,146,914285.7142857141,73132,2477
periodic_reoptimization,14,17,57142.857142857174,210550,4550,148,971428.5714285712,77682,2625
periodic_reoptimization,14,18,57142.857142857174,210790,4550,141,1028571.4285714284,82232,2766
periodic_reoptimization,14,19,57142.857142857196,210150,4423,146,1085714.2857142857,86655,2912
periodic_reoptimization,14,20,57142.85714285716,210706,4918,152,1142857.142857143,91573,3064
periodic_reoptimization,14,21,57142.85714285704,210922,4942,166,1200000.0,96515,3230
thompson_sampling,14,1,57142.857142857145,172866,3845,144,57142.857142857145,3845,144
thompson_sampling,14,2,57142.857142857145,182337,3797,134,114285.71428571429,7642,278
thompson_sampling,14,3,57142.85714285714,168241,3634,159,171428.57142857142,11276,437
thompson_sampling,14,4,57142.857142857145,182137,3620,126,228571.42857142858,14896,563
thompson_sampling,14,5,57142.85714285714,168758,3635,139,285714.28571428574,18531,702
thompson_sampling,14,6,57142.857142857145,157464,4030,162,342857.1428571429,22561,864
thompson_sampling,14,7,57142.85714285714,170860,4147,150,400000.00000000006,26708,1014
thompson_sampling,14,8,57142.857142857145,181597,3844,143,457142.8571428572,30552,1157
thompson_sampling,14,9,57142.85714285713,178073,4451,175,514285.7142857143,35003,1332
thompson_sampling,14,10,57142.85714285714,190558,4269,172,571428.5714285715,39272,1504
thompson_sampling,14,11,57142.85714285714,208530,4619,168,628571.4285714286,43891,1672
thompson_sampling,14,12,57142.85714285714,191076,4315,144,685714.2857142858,48206,1816
thompson_sampling,14,13,57142.85714285713,200300,4462,155,742857.142857143,52668,1971
thompson_sampling,14,14,57142.85714285713,208146,5049,176,800000.0000000001,57717,2147
thompson_sampling,14,15,57142.85714285712,217770,4262,153,857142.8571428573,61979,2300
thompson_sampling,14,16,57142.85714285712,211433,4482,147,914285.7142857144,66461,2447
thompson_sampling,14,17,57142.857142857116,196169,4343,135,971428.5714285716,70804,2582
thompson_sampling,14,18,57142.8571428571,191640,4341,181,1028571.4285714286,75145,2763
thompson_sampling,14,19,57142.85714285712,194535,4242,156,1085714.2857142857,79387,2919
thompson_sampling,14,20,57142.85714285716,229682,3999,129,1142857.1428571427,83386,3048
thompson_sampling,14,21,57142.857142857276,211930,4926,165,1200000.0,88312,3213
linucb,14,1,57142.857142857145,180521,4820,160,57142.857142857145,4820,160
linucb,14,2,57142.857142857145,181451,4873,166,114285.71428571429,9693,326
linucb,14,3,57142.85714285714,196452,4773,166,171428.57142857142,14466,492
linucb,14,4,57142.857142857145,196495,4626,156,228571.42857142858,19092,648
linucb,14,5,57142.85714285714,196481,4738,153,285714.28571428574,23830,801
linucb,14,6,57142.857142857145,200398,5154,190,342857.1428571429,28984,991
linucb,14,7,57142.85714285714,209274,5054,175,400000.00000000006,34038,1166
linucb,14,8,57142.857142857145,196072,4722,148,457142.8571428572,38760,1314
linucb,14,9,57142.85714285713,185557,4740,154,514285.7142857143,43500,1468
linucb,14,10,57142.85714285714,181759,4768,181,571428.5714285715,48268,1649
linucb,14,11,57142.85714285714,185988,4790,163,628571.4285714286,53058,1812
linucb,14,12,57142.85714285714,186254,4819,147,685714.2857142858,57877,1959
linucb,14,13,57142.85714285713,200308,5057,171,742857.142857143,62934,2130
linucb,14,14,57142.85714285713,199762,5108,144,800000.0000000001,68042,2274
linucb,14,15,57142.85714285712,186621,4679,161,857142.8571428573,72721,2435
linucb,14,16,57142.85714285712,186171,4757,150,914285.7142857144,77478,2585
linucb,14,17,57142.857142857116,186528,4724,160,971428.5714285716,82202,2745
linucb,14,18,57142.8571428571,196420,4655,176,1028571.4285714286,86857,2921
linucb,14,19,57142.85714285712,197139,4688,178,1085714.2857142857,91545,3099
linucb,14,20,57142.85714285716,207970,4999,169,1142857.1428571427,96544,3268
linucb,14,21,57142.857142857276,200721,5140,159,1200000.0,101684,3427
oracle,14,1,57142.857142857145,183286,4669,160,57142.857142857145,4669,160
oracle,14,2,57142.857142857145,184433,4660,172,114285.71428571429,9329,332
oracle,14,3,57142.85714285714,185211,4714,179,171428.57142857145,14043,511
oracle,14,4,57142.85714285714,184059,4474,155,228571.4285714286,18517,666
oracle,14,5,57142.85714285714,184889,4696,173,285714.28571428574,23213,839
oracle,14,6,57142.857142857145,185131,5063,176,342857.14285714296,28276,1015
oracle,14,7,57142.85714285714,184947,5061,184,400000.00000000006,33337,1199
oracle,14,8,57142.857142857145,184040,4805,151,457142.8571428573,38142,1350
oracle,14,9,57142.85714285713,184480,4687,178,514285.7142857144,42829,1528
oracle,14,10,57142.85714285714,184387,4593,172,571428.5714285714,47422,1700
oracle,14,11,57142.857142857145,184778,4658,153,628571.4285714284,52080,1853
oracle,14,12,57142.857142857145,184245,4549,127,685714.2857142854,56629,1980
oracle,14,13,57142.857142857145,184878,5108,162,742857.1428571425,61737,2142
oracle,14,14,57142.857142857145,184262,4961,158,799999.9999999995,66698,2300
oracle,14,15,57142.857142857145,184066,4516,149,857142.8571428566,71214,2449
oracle,14,16,57142.857142857145,185125,4576,160,914285.7142857136,75790,2609
oracle,14,17,57142.857142857145,184822,4516,141,971428.5714285707,80306,2750
oracle,14,18,57142.857142857145,185010,4626,141,1028571.4285714277,84932,2891
oracle,14,19,57142.857142857145,184113,4546,158,1085714.2857142847,89478,3049
oracle,14,20,57142.857142857145,184689,4999,168,1142857.1428571418,94477,3217
oracle,14,21,57142.857142857145,184477,4952,168,1199999.9999999988,99429,3385
static,15,1,57142.85714285714,232992,4653,178,57142.85714285714,4653,178
static,15,2,57142.85714285714,232978,4693,168,114285.71428571426,9346,346
static,15,3,57142.85714285714,232580,4694,168,171428.5714285714,14040,514
static,15,4,57142.85714285714,232726,4654,156,228571.42857142852,18694,670
static,15,5,57142.85714285714,232334,4641,175,285714.2857142856,23335,845
static,15,6,57142.85714285714,233305,4316,155,342857.1428571427,27651,1000
static,15,7,57142.85714285714,232890,4246,154,399999.9999999998,31897,1154
static,15,8,57142.85714285714,232664,4682,178,457142.8571428569,36579,1332
static,15,9,57142.85714285714,233041,4801,170,514285.714285714,41380,1502
static,15,10,57142.85714285714,233417,4752,143,571428.5714285712,46132,1645
static,15,11,57142.85714285714,233609,4737,149,628571.4285714284,50869,1794
static,15,12,57142.85714285714,233285,4765,139,685714.2857142856,55634,1933
static,15,13,57142.85714285714,232225,4102,131,742857.1428571427,59736,2064
static,15,14,57142.85714285714,233715,4185,138,799999.9999999999,63921,2202
static,15,15,57142.85714285714,233489,4609,158,857142.857142857,68530,2360
static,15,16,57142.85714285714,233465,4716,148,914285.7142857142,73246,2508
static,15,17,57142.85714285714,233493,4685,164,971428.5714285714,77931,2672
static,15,18,57142.85714285714,232971,4807,191,1028571.4285714285,82738,2863
static,15,19,57142.85714285714,231998,4684,154,1085714.2857142857,87422,3017
static,15,20,57142.85714285714,233284,4180,159,1142857.1428571427,91602,3176
static,15,21,57142.85714285714,232596,4137,158,1199999.9999999998,95739,3334
periodic_reoptimization,15,1,57142.85714285714,232992,4653,178,57142.85714285714,4653,178
periodic_reoptimization,15,2,57142.85714285714,232978,4693,168,114285.71428571426,9346,346
periodic_reoptimization,15,3,57142.85714285714,232580,4694,168,171428.5714285714,14040,514
periodic_reoptimization,15,4,57142.857142857145,255135,4256,184,228571.42857142852,18296,698
periodic_reoptimization,15,5,57142.857142857145,256288,4332,188,285714.2857142857,22628,886
periodic_reoptimization,15,6,57142.857142857145,255490,3663,159,342857.14285714284,26291,1045
periodic_reoptimization,15,7,57142.857142857145,256146,3800,164,400000.0,30091,1209
periodic_reoptimization,15,8,57142.857142857145,256091,4346,177,457142.85714285716,34437,1386
periodic_reoptimization,15,9,57142.857142857145,256746,4305,190,514285.7142857143,38742,1576
periodic_reoptimization,15,10,57142.85714285693,256484,4218,167,571428.5714285712,42960,1743
periodic_reoptimization,15,11,57142.85714285693,256541,4356,188,628571.4285714282,47316,1931
periodic_reoptimization,15,12,57142.85714285693,256100,4192,164,685714.2857142851,51508,2095
periodic_reoptimization,15,13,57142.85714285721,256947,3698,145,742857.1428571423,55206,2240
periodic_reoptimization,15,14,57142.85714285722,255840,3663,159,799999.9999999994,58869,2399
periodic_reoptimization,15,15,57142.85714285722,257776,4324,171,857142.8571428566,63193,2570
periodic_reoptimization,15,16,57142.85714285724,260441,4355,180,914285.7142857137,67548,2750
periodic_reoptimization,15,17,57142.85714285724,261218,4390,160,971428.5714285709,71938,2910
periodic_reoptimization,15,18,57142.85714285724,260971,4337,179,1028571.428571428,76275,3089
periodic_reoptimization,15,19,57142.85714285731,255613,4239,160,1085714.2857142854,80514,3249
periodic_reoptimization,15,20,57142.857142857276,257036,3597,163,1142857.1428571427,84111,3412
periodic_reoptimization,15,21,57142.857142857276,255373,3672,174,1200000.0,87783,3586
thompson_sampling,15,1,57142.857142857145,181527,3960,150,57142.857142857145,3960,150
thompson_sampling,15,2,57142.857142857145,220773,4101,141,114285.71428571429,8061,291
thompson_sampling,15,3,57142.85714285714,273678,4464,184,171428.57142857142,12525,475
thompson_sampling,15,4,57142.857142857145,279972,4659,168,228571.42857142858,17184,643
thompson_sampling,15,5,57142.85714285714,270911,4241,156,285714.28571428574,21425,799
thompson_sampling,15,6,57142.857142857145,268472,4989,167,342857.1428571429,26414,966
thompson_sampling,15,7,57142.85714285714,278817,4847,170,400000.00000000006,31261,1136
thompson_sampling,15,8,57142.857142857145,277378,4609,195,457142.8571428572,35870,1331
thompson_sampling,15,9,57142.85714285713,253630,4291,160,514285.7142857143,40161,1491
thompson_sampling,15,10,57142.85714285714,279061,4693,176,571428.5714285715,44854,1667
thompson_sampling,15,11,57142.85714285714,277753,4718,176,628571.4285714286,49572,1843
thompson_sampling,15,12,57142.85714285714,277570,4705,163,685714.2857142858,54277,2006
thompson_sampling,15,13,57142.85714285713,261743,4664,148,742857.142857143,58941,2154
thompson_sampling,15,14,57142.85714285713,278220,4620,180,800000.0000000001,63561,2334
thompson_sampling,15,15,57142.85714285712,277573,4648,189,857142.8571428573,68209,2523
thompson_sampling,15,16,57142.85714285712,278592,4669,178,914285.7142857144,72878,2701
thompson_sampling,15,17,57142.857142857116,274157,4616,173,971428.5714285716,77494,2874
thompson_sampling,15,18,57142.8571428571,277726,4673,163,1028571.4285714286,82167,3037
thompson_sampling,15,19,57142.85714285712,273420,4574,173,1085714.2857142857,86741,3210
thompson_sampling,15,20,57142.85714285716,250491,4346,160,1142857.1428571427,91087,3370
thompson_sampling,15,21,57142.857142857276,251024,4302,142,1200000.0,95389,3512
linucb,15,1,57142.857142857145,228896,4788,184,57142.857142857145,4788,184
linucb,15,2,57142.857142857145,247965,4422,178,114285.71428571429,9210,362
linucb,15,3,57142.85714285714,248128,4446,176,171428.57142857142,13656,538
linucb,15,4,57142.857142857145,248407,4341,172,228571.42857142858,17997,710
linucb,15,5,57142.85714285714,257239,4253,182,285714.28571428574,22250,892
linucb,15,6,57142.857142857145,244475,3910,151,342857.1428571429,26160,1043
linucb,15,7,57142.85714285714,243838,3849,155,400000.00000000006,30009,1198
linucb,15,8,57142.857142857145,255821,4314,202,457142.8571428572,34323,1400
linucb,15,9,57142.85714285713,256297,4304,171,514285.7142857143,38627,1571
linucb,15,10,57142.85714285714,256501,4341,187,571428.5714285715,42968,1758
linucb,15,11,57142.85714285714,255823,4286,189,628571.4285714286,47254,1947
linucb,15,12,57142.85714285714,256136,4247,181,685714.2857142858,51501,2128
linucb,15,13,57142.85714285713,256696,3669,140,742857.142857143,55170,2268
linucb,15,14,57142.85714285713,264051,3932,152,800000.0000000001,59102,2420
linucb,15,15,57142.85714285712,271319,4491,185,857142.8571428573,63593,2605
linucb,15,16,57142.85714285712,277148,4640,181,914285.7142857144,68233,2786
linucb,15,17,57142.857142857116,272589,4557,163,971428.5714285716,72790,2949
linucb,15,18,57142.8571428571,271702,4592,184,1028571.4285714286,77382,3133
linucb,15,19,57142.85714285712,265821,4474,184,1085714.2857142857,81856,3317
linucb,15,20,57142.85714285716,279533,4784,148,1142857.1428571427,86640,3465
linucb,15,21,57142.857142857276,277420,4914,199,1200000.0,91554,3664
oracle,15,1,57142.857142857145,263866,4492,188,57142.857142857145,4492,188
oracle,15,2,57142.857142857145,264254,4325,175,114285.71428571429,8817,363
oracle,15,3,57142.85714285714,263671,4400,179,171428.57142857142,13217,542
oracle,15,4,57142.857142857145,263856,4377,208,228571.42857142858,17594,750
oracle,15,5,57142.85714285714,263493,4424,154,285714.28571428574,22018,904
oracle,15,6,57142.857142857145,265077,3950,161,342857.1428571429,25968,1065
oracle,15,7,57142.85714285714,264594,4029,152,400000.00000000006,29997,1217
oracle,15,8,57142.857142857145,263665,4355,192,457142.8571428572,34352,1409
oracle,15,9,57142.85714285713,264382,4494,168,514285.7142857144,38846,1577
oracle,15,10,57142.85714285714,264482,4476,181,571428.5714285715,43322,1758
oracle,15,11,57142.85714285714,263688,4397,190,628571.4285714286,47719,1948
oracle,15,12,57142.85714285714,264339,4398,183,685714.2857142858,52117,2131
oracle,15,13,57142.85714285713,264656,3952,146,742857.142857143,56069,2277
oracle,15,14,57142.85714285713,264290,3944,153,800000.0000000001,60013,2430
oracle,15,15,57142.85714285712,263427,4374,185,857142.8571428573,64387,2615
oracle,15,16,57142.85714285712,264551,4433,158,914285.7142857144,68820,2773
oracle,15,17,57142.857142857116,264810,4408,178,971428.5714285716,73228,2951
oracle,15,18,57142.8571428571,264504,4391,177,1028571.4285714288,77619,3128
oracle,15,19,57142.85714285708,263770,4376,173,1085714.2857142857,81995,3301
oracle,15,20,57142.85714285715,263527,4020,147,1142857.142857143,86015,3448
oracle,15,21,57142.85714285704,263879,3983,144,1200000.0,89998,3592
static,16,1,57142.85714285714,240203,5033,178,57142.85714285714,5033,178
static,16,2,57142.85714285714,239831,4975,172,114285.71428571426,10008,350
static,16,3,57142.85714285714,240382,5070,154,171428.5714285714,15078,504
static,16,4,57142.85714285714,240914,5023,163,228571.42857142852,20101,667
static,16,5,57142.85714285714,240334,5040,165,285714.2857142856,25141,832
static,16,6,57142.85714285714,240819,5043,163,342857.1428571427,30184,995
static,16,7,57142.85714285714,240024,5088,196,399999.9999999998,35272,1191
static,16,8,57142.85714285714,240461,4748,167,457142.8571428569,40020,1358
static,16,9,57142.85714285714,240587,4836,193,514285.714285714,44856,1551
static,16,10,57142.85714285714,241202,4880,176,571428.5714285712,49736,1727
static,16,11,57142.85714285714,239692,4839,160,628571.4285714284,54575,1887
static,16,12,57142.85714285714,240663,4946,170,685714.2857142856,59521,2057
static,16,13,57142.85714285714,239918,5116,154,742857.1428571427,64637,2211
static,16,14,57142.85714285714,239999,5117,196,799999.9999999999,69754,2407
static,16,15,57142.85714285714,240198,4933,165,857142.857142857,74687,2572
static,16,16,57142.85714285714,240746,4913,143,914285.7142857142,79600,2715
static,16,17,57142.85714285714,240186,4912,180,971428.5714285714,84512,2895
static,16,18,57142.85714285714,240634,4745,152,1028571.4285714285,89257,3047
static,16,19,57142.85714285714,239539,4878,187,1085714.2857142857,94135,3234
static,16,20,57142.85714285714,239739,5134,172,1142857.1428571427,99269,3406
static,16,21,57142.85714285714,241467,5075,167,1199999.9999999998,104344,3573
periodic_reoptimization,16,1,57142.85714285714,240203,5033,178,57142.85714285714,5033,178
periodic_reoptimization,16,2,57142.85714285714,239831,4975,172,114285.71428571426,10008,350
periodic_reoptimization,16,3,57142.85714285714,240382,5070,154,171428.5714285714,15078,504
periodic_reoptimization,16,4,57142.857142857145,164941,5019,169,228571.42857142852,20097,673
periodic_reoptimization,16,5,57142.857142857145,164802,4878,165,285714.2857142856,24975,838
periodic_reoptimization,16,6,57142.857142857145,164513,5423,172,342857.1428571427,30398,1010
periodic_reoptimization,16,7,57142.85714285715,134870,5476,164,399999.9999999998,35874,1174
periodic_reoptimization,16,8,57142.85714285715,134229,4850,182,457142.8571428569,40724,1356
periodic_reoptimization,16,9,57142.85714285715,135349,4939,162,514285.714285714,45663,1518
periodic_reoptimization,16,10,57142.85714285716,134169,4819,149,571428.5714285712,50482,1667
periodic_reoptimization,16,11,57142.85714285716,133725,4846,152,628571.4285714284,55328,1819
periodic_reoptimization,16,12,57142.85714285716,134334,4778,131,685714.2857142856,60106,1950
periodic_reoptimization,16,13,57142.85714285716,154047,5492,185,742857.1428571427,65598,2135
periodic_reoptimization,16,14,57142.85714285716,154538,5364,162,799999.9999999999,70962,2297
periodic_reoptimization,16,15,57142.85714285716,154410,4918,143,857142.857142857,75880,2440
periodic_reoptimization,16,16,57142.85714285716,137539,4838,183,914285.7142857142,80718,2623
periodic_reoptimization,16,17,57142.85714285716,138472,4762,160,971428.5714285714,85480,2783
periodic_reoptimization,16,18,57142.85714285716,138288,4782,169,1028571.4285714285,90262,2952
periodic_reoptimization,16,19,57142.85714285716,139889,4697,146,1085714.285714286,94959,3098
periodic_reoptimization,16,20,57142.85714285704,139792,5167,163,1142857.142857143,100126,3261
periodic_reoptimization,16,21,57142.85714285704,139635,5303,188,1200000.0,105429,3449
thompson_sampling,16,1,57142.857142857145,197339,4787,157,57142.857142857145,4787,157
thompson_sampling,16,2,57142.857142857145,158548,4556,153,114285.71428571429,9343,310
thompson_sampling,16,3,57142.85714285714,180377,4646,151,171428.57142857142,13989,461
thompson_sampling,16,4,57142.857142857145,139866,4138,140,228571.42857142858,18127,601
thompson_sampling,16,5,57142.85714285714,145002,4738,177,285714.28571428574,22865,778
thompson_sampling,16,6,57142.857142857145,125334,4997,163,342857.1428571429,27862,941
thompson_sampling,16,7,57142.85714285714,117446,5476,182,400000.00000000006,33338,1123
thompson_sampling,16,8,57142.857142857145,124356,4355,164,457142.8571428572,37693,1287
thompson_sampling,16,9,57142.85714285713,124567,4506,118,514285.7142857143,42199,1405
thompson_sampling,16,10,57142.85714285714,118110,4707,158,571428.5714285715,46906,1563
thompson_sampling,16,11,57142.85714285714,120943,4488,162,628571.4285714286,51394,1725
thompson_sampling,16,12,57142.85714285714,142770,4893,165,685714.2857142858,56287,1890
thompson_sampling,16,13,57142.85714285713,142656,5337,176,742857.142857143,61624,2066
thompson_sampling,16,14,57142.85714285713,118029,5402,198,800000.0000000001,67026,2264
thompson_sampling,16,15,57142.85714285712,176685,4278,147,857142.8571428573,71304,2411
thompson_sampling,16,16,57142.85714285712,143393,4883,154,914285.7142857144,76187,2565
thompson_sampling,16,17,57142.857142857116,142892,4655,144,971428.5714285716,80842,2709
thompson_sampling,16,18,57142.8571428571,120231,4524,168,1028571.4285714286,85366,2877
thompson_sampling,16,19,57142.85714285712,123558,4543,158,1085714.2857142857,89909,3035
thompson_sampling,16,20,57142.85714285716,142966,5252,180,1142857.1428571427,95161,3215
thompson_sampling,16,21,57142.857142857276,143083,5241,196,1200000.0,100402,3411
linucb,16,1,57142.857142857145,207450,5086,187,57142.857142857145,5086,187
linucb,16,2,57142.857142857145,242925,4822,177,114285.71428571429,9908,364
linucb,16,3,57142.85714285714,235439,5044,173,171428.57142857142,14952,537
linucb,16,4,57142.857142857145,235710,4955,184,228571.42857142858,19907,721
linucb,16,5,57142.85714285714,234398,4941,180,285714.28571428574,24848,901
linucb,16,6,57142.857142857145,207421,5321,201,342857.1428571429,30169,1102
linucb,16,7,57142.85714285714,185369,5340,178,400000.00000000006,35509,1280
linucb,16,8,57142.857142857145,235795,4909,174,457142.8571428572,40418,1454
linucb,16,9,57142.85714285713,236228,4949,169,514285.7142857143,45367,1623
linucb,16,10,57142.85714285714,207340,4986,174,571428.5714285715,50353,1797
linucb,16,11,57142.85714285714,206987,4888,175,628571.4285714286,55241,1972
linucb,16,12,57142.85714285714,185521,5067,178,685714.2857142858,60308,2150
linucb,16,13,57142.85714285713,152605,5365,177,742857.142857143,65673,2327
linucb,16,14,57142.85714285713,143320,5461,204,800000.0000000001,71134,2531
linucb,16,15,57142.85714285712,184938,4932,172,857142.8571428573,76066,2703
linucb,16,16,57142.85714285712,207520,5013,157,914285.7142857144,81079,2860
linucb,16,17,57142.857142857116,206993,4812,153,971428.5714285716,85891,3013
linucb,16,18,57142.8571428571,207128,4877,176,1028571.4285714286,90768,3189
linucb,16,19,57142.85714285712,207591,4845,167,1085714.2857142857,95613,3356
linucb,16,20,57142.85714285716,176280,5314,185,1142857.1428571427,100927,3541
linucb,16,21,57142.857142857276,176488,5317,186,1200000.0,106244,3727
oracle,16,1,57142.857142857145,222770,5049,196,57142.857142857145,5049,196
oracle,16,2,57142.857142857145,223464,5062,159,114285.71428571429,10111,355
oracle,16,3,57142.85714285714,223392,4960,160,171428.57142857142,15071,515
oracle,16,4,57142.857142857145,222620,5097,195,228571.42857142858,20168,710
oracle,16,5,57142.85714285714,222818,4997,147,285714.28571428574,25165,857
oracle,16,6,57142.857142857145,221670,5194,171,342857.1428571429,30359,1028
oracle,16,7,57142.85714285714,222734,5135,188,400000.00000000006,35494,1216
oracle,16,8,57142.857142857145,222512,4932,155,457142.8571428572,40426,1371
oracle,16,9,57142.85714285713,222784,4922,143,514285.7142857144,45348,1514
oracle,16,10,57142.85714285714,222514,4860,162,571428.5714285715,50208,1676
oracle,16,11,57142.85714285714,222392,4928,172,628571.4285714286,55136,1848
oracle,16,12,57142.85714285714,222440,4991,163,685714.2857142858,60127,2011
oracle,16,13,57142.85714285713,222269,5125,164,742857.142857143,65252,2175
oracle,16,14,57142.85714285713,222384,5039,173,800000.0,70291,2348
oracle,16,15,57142.857142857145,222275,4917,184,857142.8571428572,75208,2532
oracle,16,16,57142.85714285714,221944,4887,169,914285.7142857143,80095,2701
oracle,16,17,57142.85714285714,222356,4930,185,971428.5714285715,85025,2886
oracle,16,18,57142.85714285713,222306,4836,163,1028571.4285714286,89861,3049
oracle,16,19,57142.85714285712,222300,4799,172,1085714.285714286,94660,3221
oracle,16,20,57142.85714285704,222500,5093,181,1142857.142857143,99753,3402
oracle,16,21,57142.85714285704,223346,5100,173,1200000.0,104853,3575
static,17,1,57142.85714285714,224361,4913,155,57142.85714285714,4913,155
static,17,2,57142.85714285714,225155,5049,148,114285.71428571426,9962,303
static,17,3,57142.85714285714,224388,4915,154,171428.5714285714,14877,457
static,17,4,57142.85714285714,225176,4850,141,228571.42857142852,19727,598
static,17,5,57142.85714285714,224575,5043,159,285714.2857142856,24770,757
static,17,6,57142.85714285714,225867,5052,141,342857.1428571427,29822,898
static,17,7,57142.85714285714,225221,4939,161,399999.9999999998,34761,1059
static,17,8,57142.85714285714,225675,5061,157,457142.8571428569,39822,1216
static,17,9,57142.85714285714,224647,4905,139,514285.714285714,44727,1355
static,17,10,57142.85714285714,224234,5068,145,571428.5714285712,49795,1500
static,17,11,57142.85714285714,224841,5015,171,628571.4285714284,54810,1671
static,17,12,57142.85714285714,224415,4899,129,685714.2857142856,59709,1800
static,17,13,57142.85714285714,224777,5080,132,742857.1428571427,64789,1932
static,17,14,57142.85714285714,224649,5013,147,799999.9999999999,69802,2079
static,17,15,57142.85714285714,224921,4940,162,857142.857142857,74742,2241
static,17,16,57142.85714285714,224636,4909,147,914285.7142857142,79651,2388
static,17,17,57142.85714285714,223775,4931,145,971428.5714285714,84582,2533
static,17,18,57142.85714285714,224477,4940,154,1028571.4285714285,89522,2687
static,17,19,57142.85714285714,225337,5046,169,1085714.2857142857,94568,2856
static,17,20,57142.85714285714,224126,5016,166,1142857.1428571427,99584,3022
static,17,21,57142.85714285714,224835,4998,158,1199999.9999999998,104582,3180
periodic_reoptimization,17,1,57142.85714285714,224361,4913,155,57142.85714285714,4913,155
periodic_reoptimization,17,2,57142.85714285714,225155,5049,148,114285.71428571426,9962,303
periodic_reoptimization,17,3,57142.85714285714,224388,4915,154,171428.5714285714,14877,457
periodic_reoptimization,17,4,57142.857142857145,189203,5235,181,228571.42857142852,20112,638
periodic_reoptimization,17,5,57142.857142857145,189020,5250,178,285714.2857142857,25362,816
periodic_reoptimization,17,6,57142.857142857145,188841,5284,144,342857.14285714284,30646,960
periodic_reoptimization,17,7,57142.857142857145,186677,5327,159,399999.99999999994,35973,1119
periodic_reoptimization,17,8,57142.857142857145,186961,5103,169,457142.85714285704,41076,1288
periodic_reoptimization,17,9,57142.857142857145,186612,5180,165,514285.71428571414,46256,1453
periodic_reoptimization,17,10,57142.85714285715,194073,5160,163,571428.5714285712,51416,1616
periodic_reoptimization,17,11,57142.85714285715,192670,5072,159,628571.4285714284,56488,1775
periodic_reoptimization,17,12,57142.85714285715,193334,5148,176,685714.2857142856,61636,1951
periodic_reoptimization,17,13,57142.85714285716,194154,5177,170,742857.1428571427,66813,2121
periodic_reoptimization,17,14,57142.85714285716,193689,5044,149,799999.9999999999,71857,2270
periodic_reoptimization,17,15,57142.85714285716,194844,5271,166,857142.857142857,77128,2436
periodic_reoptimization,17,16,57142.85714285716,188132,5202,169,914285.7142857142,82330,2605
periodic_reoptimization,17,17,57142.85714285716,188034,5124,145,971428.5714285714,87454,2750
periodic_reoptimization,17,18,57142.85714285716,187499,5204,143,1028571.4285714285,92658,2893
periodic_reoptimization,17,19,57142.85714285716,191761,5121,153,1085714.2857142857,97779,3046
periodic_reoptimization,17,20,57142.85714285716,192540,5196,171,1142857.1428571427,102975,3217
periodic_reoptimization,17,21,57142.85714285717,192303,5125,142,1199999.9999999998,108100,3359
thompson_sampling,17,1,57142.857142857145,188743,3877,122,57142.857142857145,3877,122
thompson_sampling,17,2,57142.857142857145,199713,4469,164,114285.71428571429,8346,286
thompson_sampling,17,3,57142.85714285714,226341,5154,150,171428.57142857142,13500,436
thompson_sampling,17,4,57142.857142857145,236813,4324,122,228571.42857142858,17824,558
thompson_sampling,17,5,57142.85714285714,199256,5085,143,285714.28571428574,22909,701
thompson_sampling,17,6,57142.857142857145,198575,5269,156,342857.1428571429,28178,857
thompson_sampling,17,7,57142.85714285714,183610,4675,133,400000.00000000006,32853,990
thompson_sampling,17,8,57142.857142857145,198419,5073,163,457142.8571428572,37926,1153
thompson_sampling,17,9,57142.85714285713,177745,4629,138,514285.7142857143,42555,1291
thompson_sampling,17,10,57142.85714285714,186239,5160,162,571428.5714285715,47715,1453
thompson_sampling,17,11,57142.85714285714,186222,5225,178,628571.4285714286,52940,1631
thompson_sampling,17,12,57142.85714285714,199138,5148,157,685714.2857142858,58088,1788
thompson_sampling,17,13,57142.85714285713,188504,4979,159,742857.142857143,63067,1947
thompson_sampling,17,14,57142.85714285713,184129,4906,160,800000.0000000001,67973,2107
thompson_sampling,17,15,57142.85714285712,199043,5121,142,857142.8571428573,73094,2249
thompson_sampling,17,16,57142.85714285712,186525,5242,158,914285.7142857144,78336,2407
thompson_sampling,17,17,57142.857142857116,198868,5054,151,971428.5714285716,83390,2558
thompson_sampling,17,18,57142.8571428571,199255,5102,168,1028571.4285714286,88492,2726
thompson_sampling,17,19,57142.85714285712,198953,5125,146,1085714.2857142857,93617,2872
thompson_sampling,17,20,57142.85714285716,185174,5113,159,1142857.1428571427,98730,3031
thompson_sampling,17,21,57142.857142857276,186100,5330,148,1200000.0,104060,3179
linucb,17,1,57142.857142857145,204245,5082,152,57142.857142857145,5082,152
linucb,17,2,57142.857142857145,198886,5038,141,114285.71428571429,10120,293
linucb,17,3,57142.85714285714,215339,5252,149,171428.57142857142,15372,442
linucb,17,4,57142.857142857145,260728,5245,172,228571.42857142858,20617,614
linucb,17,5,57142.85714285714,260764,5162,162,285714.28571428574,25779,776
linucb,17,6,57142.857142857145,226342,5389,161,342857.1428571429,31168,937
linucb,17,7,57142.85714285714,282438,5687,172,400000.00000000006,36855,1109
linucb,17,8,57142.857142857145,251329,5201,133,457142.8571428572,42056,1242
linucb,17,9,57142.85714285713,251603,5204,170,514285.7142857143,47260,1412
linucb,17,10,57142.85714285714,240244,5204,162,571428.5714285715,52464,1574
linucb,17,11,57142.85714285714,251230,5360,169,628571.4285714286,57824,1743
linucb,17,12,57142.85714285714,251908,5196,162,685714.2857142858,63020,1905
linucb,17,13,57142.85714285713,281907,5515,161,742857.142857143,68535,2066
linucb,17,14,57142.85714285713,289551,5547,175,800000.0000000001,74082,2241
linucb,17,15,57142.85714285712,250914,5228,157,857142.8571428573,79310,2398
linucb,17,16,57142.85714285712,251329,5298,159,914285.7142857144,84608,2557
linucb,17,17,57142.857142857116,225614,5158,153,971428.5714285716,89766,2710
linucb,17,18,57142.8571428571,202883,5291,151,1028571.4285714286,95057,2861
linucb,17,19,57142.85714285712,240502,5195,168,1085714.2857142857,100252,3029
linucb,17,20,57142.85714285716,268304,5350,142,1142857.1428571427,105602,3171
linucb,17,21,57142.857142857276,240552,5512,171,1200000.0,111114,3342
oracle,17,1,57142.857142857145,188123,5212,163,57142.857142857145,5212,163
oracle,17,2,57142.857142857145,187093,5098,171,114285.71428571429,10310,334
oracle,17,3,57142.85714285714,186826,5115,162,171428.57142857142,15425,496
oracle,17,4,57142.857142857145,187189,5149,155,228571.42857142855,20574,651
oracle,17,5,57142.857142857145,187220,5094,174,285714.2857142857,25668,825
oracle,17,6,57142.857142857145,188497,5281,167,342857.14285714284,30949,992
oracle,17,7,57142.857142857145,187230,5161,152,400000.0,36110,1144
oracle,17,8,57142.857142857145,187501,5183,164,457142.85714285716,41293,1308
oracle,17,9,57142.857142857145,187358,5162,172,514285.7142857143,46455,1480
oracle,17,10,57142.85714285714,187208,5062,167,571428.5714285715,51517,1647
oracle,17,11,57142.85714285714,187258,5074,156,628571.4285714286,56591,1803
oracle,17,12,57142.85714285714,187455,5163,168,685714.2857142858,61754,1971
oracle,17,13,57142.85714285713,187192,5267,187,742857.142857143,67021,2158
oracle,17,14,57142.85714285713,187330,5411,167,800000.0000000001,72432,2325
oracle,17,15,57142.85714285712,187279,5090,180,857142.8571428573,77522,2505
oracle,17,16,57142.85714285712,187219,5054,133,914285.7142857144,82576,2638
oracle,17,17,57142.857142857116,187462,4944,167,971428.5714285716,87520,2805
oracle,17,18,57142.8571428571,187168,4999,162,1028571.4285714288,92519,2967
oracle,17,19,57142.85714285708,187536,5108,157,1085714.2857142857,97627,3124
oracle,17,20,57142.857142857145,186765,5138,158,1142857.1428571427,102765,3282
oracle,17,21,57142.857142857145,187686,5152,152,1199999.9999999998,107917,3434
static,18,1,57142.85714285714,235562,4884,166,57142.85714285714,4884,166
static,18,2,57142.85714285714,235596,4847,180,114285.71428571426,9731,346
static,18,3,57142.85714285714,235081,4798,173,171428.5714285714,14529,519
static,18,4,57142.85714285714,236497,4898,178,228571.42857142852,19427,697
static,18,5,57142.85714285714,236188,4943,182,285714.2857142856,24370,879
static,18,6,57142.85714285714,236370,4447,171,342857.1428571427,28817,1050
static,18,7,57142.85714285714,235499,4329,157,399999.9999999998,33146,1207
static,18,8,57142.85714285714,236248,4998,182,457142.8571428569,38144,1389
static,18,9,57142.85714285714,236266,4834,181,514285.714285714,42978,1570
static,18,10,57142.85714285714,235739,4770,159,571428.5714285712,47748,1729
static,18,11,57142.85714285714,236176,4955,182,628571.4285714284,52703,1911
static,18,12,57142.85714285714,235762,4771,182,685714.2857142856,57474,2093
static,18,13,57142.85714285714,236133,4314,158,742857.1428571427,61788,2251
static,18,14,57142.85714285714,237167,4287,155,799999.9999999999,66075,2406
static,18,15,57142.85714285714,235753,4738,165,857142.857142857,70813,2571
static,18,16,57142.85714285714,236644,4819,175,914285.7142857142,75632,2746
static,18,17,57142.85714285714,235192,4912,179,971428.5714285714,80544,2925
static,18,18,57142.85714285714,235585,4699,164,1028571.4285714285,85243,3089
static,18,19,57142.85714285714,235999,4676,169,1085714.2857142857,89919,3258
static,18,20,57142.85714285714,236520,4356,161,1142857.1428571427,94275,3419
static,18,21,57142.85714285714,236464,4357,159,1199999.9999999998,98632,3578
periodic_reoptimization,18,1,57142.85714285714,235562,4884,166,57142.85714285714,4884,166
periodic_reoptimization,18,2,57142.85714285714,235596,4847,180,114285.71428571426,9731,346
periodic_reoptimization,18,3,57142.85714285714,235081,4798,173,171428.5714285714,14529,519
periodic_reoptimization,18,4,57142.857142857145,229055,4881,181,228571.42857142855,19410,700
periodic_reoptimization,18,5,57142.857142857145,229178,4855,164,285714.2857142857,24265,864
periodic_reoptimization,18,6,57142.857142857145,229485,4654,147,342857.14285714284,28919,1011
periodic_reoptimization,18,7,57142.857142857145,224707,4691,171,399999.99999999994,33610,1182
periodic_reoptimization,18,8,57142.857142857145,225881,4855,145,457142.85714285704,38465,1327
periodic_reoptimization,18,9,57142.857142857145,226027,4768,163,514285.71428571414,43233,1490
periodic_reoptimization,18,10,57142.85714285716,220673,4942,181,571428.5714285714,48175,1671
periodic_reoptimization,18,11,57142.85714285715,219909,4897,160,628571.4285714286,53072,1831
periodic_reoptimization,18,12,57142.85714285714,220368,4926,169,685714.2857142858,57998,2000
periodic_reoptimization,18,13,57142.85714285713,211393,4651,164,742857.142857143,62649,2164
periodic_reoptimization,18,14,57142.85714285713,211947,4681,159,800000.0000000001,67330,2323
periodic_reoptimization,18,15,57142.85714285712,211457,4911,168,857142.8571428573,72241,2491
periodic_reoptimization,18,16,57142.85714285712,214421,5058,189,914285.7142857143,77299,2680
periodic_reoptimization,18,17,57142.85714285713,213994,4981,190,971428.5714285714,82280,2870
periodic_reoptimization,18,18,57142.85714285713,214843,5007,172,1028571.4285714284,87287,3042
periodic_reoptimization,18,19,57142.857142857196,210436,4930,160,1085714.2857142854,92217,3202
periodic_reoptimization,18,20,57142.857142857196,209827,4632,139,1142857.1428571425,96849,3341
periodic_reoptimization,18,21,57142.857142857196,211014,4762,176,1199999.9999999995,101611,3517
thompson_sampling,18,1,57142.857142857145,198691,4925,176,57142.857142857145,4925,176
thompson_sampling,18,2,57142.857142857145,167619,4990,190,114285.71428571429,9915,366
thompson_sampling,18,3,57142.85714285714,193906,4543,142,171428.57142857142,14458,508
thompson_sampling,18,4,57142.857142857145,228522,4610,168,228571.42857142858,19068,676
thompson_sampling,18,5,57142.85714285714,195010,5131,175,285714.28571428574,24199,851
thompson_sampling,18,6,57142.857142857145,217715,4406,164,342857.1428571429,28605,1015
thompson_sampling,18,7,57142.85714285714,236184,4374,153,400000.00000000006,32979,1168
thompson_sampling,18,8,57142.857142857145,215397,4873,167,457142.8571428572,37852,1335
thompson_sampling,18,9,57142.85714285713,218106,5006,183,514285.7142857143,42858,1518
thompson_sampling,18,10,57142.85714285714,215979,5014,160,571428.5714285715,47872,1678
thompson_sampling,18,11,57142.85714285714,200624,4867,165,628571.4285714286,52739,1843
thompson_sampling,18,12,57142.85714285714,200685,4766,164,685714.2857142858,57505,2007
thompson_sampling,18,13,57142.85714285713,224418,4542,157,742857.142857143,62047,2164
thompson_sampling,18,14,57142.85714285713,202819,4631,153,800000.0000000001,66678,2317
thompson_sampling,18,15,57142.85714285712,218044,5013,175,857142.8571428573,71691,2492
thompson_sampling,18,16,57142.85714285712,218428,5091,197,914285.7142857144,76782,2689
thompson_sampling,18,17,57142.857142857116,217927,5060,159,971428.5714285716,81842,2848
thompson_sampling,18,18,57142.8571428571,202557,5151,183,1028571.4285714286,86993,3031
thompson_sampling,18,19,57142.85714285712,190105,4524,174,1085714.2857142857,91517,3205
thompson_sampling,18,20,57142.85714285716,218300,4618,166,1142857.1428571427,96135,3371
thompson_sampling,18,21,57142.857142857276,215765,4589,172,1200000.0,100724,3543
linucb,18,1,57142.857142857145,171200,5513,193,57142.857142857145,5513,193
linucb,18,2,57142.857142857145,217395,5139,193,114285.71428571429,10652,386
linucb,18,3,57142.85714285714,195834,5216,177,171428.57142857142,15868,563
linucb,18,4,57142.857142857145,196594,5285,198,228571.42857142858,21153,761
linucb,18,5,57142.85714285714,202640,5278,186,285714.28571428574,26431,947
linucb,18,6,57142.857142857145,202247,4745,158,342857.1428571429,31176,1105
linucb,18,7,57142.85714285714,218206,4640,119,400000.00000000006,35816,1224
linucb,18,8,57142.857142857145,217299,5033,206,457142.8571428572,40849,1430
linucb,18,9,57142.85714285713,224161,5066,196,514285.7142857143,45915,1626
linucb,18,10,57142.85714285714,217908,5122,182,571428.5714285715,51037,1808
linucb,18,11,57142.85714285714,218610,5039,167,628571.4285714286,56076,1975
linucb,18,12,57142.85714285714,218461,5096,160,685714.2857142858,61172,2135
linucb,18,13,57142.85714285713,235790,4416,162,742857.142857143,65588,2297
linucb,18,14,57142.85714285713,223444,4545,173,800000.0000000001,70133,2470
linucb,18,15,57142.85714285712,217688,5089,186,857142.8571428573,75222,2656
linucb,18,16,57142.85714285712,202155,5177,169,914285.7142857144,80399,2825
linucb,18,17,57142.857142857116,203011,5200,179,971428.5714285716,85599,3004
linucb,18,18,57142.8571428571,202517,5134,190,1028571.4285714286,90733,3194
linucb,18,19,57142.85714285712,203545,4971,182,1085714.2857142857,95704,3376
linucb,18,20,57142.85714285716,202363,4724,168,1142857.1428571427,100428,3544
linucb,18,21,57142.857142857276,192220,4636,169,1200000.0,105064,3713
oracle,18,1,57142.857142857145,204682,5327,178,57142.857142857145,5327,178
oracle,18,2,57142.857142857145,204100,5294,212,114285.71428571429,10621,390
oracle,18,3,57142.85714285714,204224,5151,194,171428.57142857142,15772,584
oracle,18,4,57142.857142857145,205031,5316,186,228571.42857142855,21088,770
oracle,18,5,57142.857142857145,204602,5289,150,285714.2857142857,26377,920
oracle,18,6,57142.857142857145,204985,4724,145,342857.14285714284,31101,1065
oracle,18,7,57142.857142857145,204280,4601,162,400000.0,35702,1227
oracle,18,8,57142.857142857145,204779,5209,183,457142.85714285716,40911,1410
oracle,18,9,57142.857142857145,204831,5183,184,514285.7142857143,46094,1594
oracle,18,10,57142.85714285714,204698,5135,185,571428.5714285715,51229,1779
oracle,18,11,57142.85714285714,204629,5198,202,628571.4285714285,56427,1981
oracle,18,12,57142.857142857145,204427,5170,186,685714.2857142856,61597,2167
oracle,18,13,57142.857142857145,204900,4676,176,742857.1428571426,66273,2343
oracle,18,14,57142.857142857145,204882,4661,186,799999.9999999997,70934,2529
oracle,18,15,57142.857142857145,204655,5160,178,857142.8571428567,76094,2707
oracle,18,16,57142.857142857145,205017,5258,193,914285.7142857137,81352,2900
oracle,18,17,57142.857142857145,204723,5171,215,971428.5714285708,86523,3115
oracle,18,18,57142.857142857145,204619,5122,185,1028571.4285714278,91645,3300
oracle,18,19,57142.857142857145,204837,5033,168,1085714.285714285,96678,3468
oracle,18,20,57142.857142857145,205196,4643,141,1142857.1428571423,101321,3609
oracle,18,21,57142.857142857145,204140,4508,152,1199999.9999999995,105829,3761
static,19,1,57142.85714285714,226353,4600,201,57142.85714285714,4600,201
static,19,2,57142.85714285714,225255,4592,183,114285.71428571426,9192,384
static,19,3,57142.85714285714,224982,4453,172,171428.5714285714,13645,556
static,19,4,57142.85714285714,224985,4505,183,228571.42857142852,18150,739
static,19,5,57142.85714285714,225353,4514,178,285714.2857142856,22664,917
static,19,6,57142.85714285714,225249,4408,170,342857.1428571427,27072,1087
static,19,7,57142.85714285714,225185,4290,136,399999.9999999998,31362,1223
static,19,8,57142.85714285714,226174,4514,143,457142.8571428569,35876,1366
static,19,9,57142.85714285714,225441,4441,170,514285.714285714,40317,1536
static,19,10,57142.85714285714,225615,4441,164,571428.5714285712,44758,1700
static,19,11,57142.85714285714,225833,4578,173,628571.4285714284,49336,1873
static,19,12,57142.85714285714,225948,4510,141,685714.2857142856,53846,2014
static,19,13,57142.85714285714,226389,4340,143,742857.1428571427,58186,2157
static,19,14,57142.85714285714,225724,4399,159,799999.9999999999,62585,2316
static,19,15,57142.85714285714,226075,4612,159,857142.857142857,67197,2475
static,19,16,57142.85714285714,226025,4434,154,914285.7142857142,71631,2629
static,19,17,57142.85714285714,226470,4488,166,971428.5714285714,76119,2795
static,19,18,57142.85714285714,225745,4450,179,1028571.4285714285,80569,2974
static,19,19,57142.85714285714,226183,4458,147,1085714.2857142857,85027,3121
static,19,20,57142.85714285714,225614,4403,139,1142857.1428571427,89430,3260
static,19,21,57142.85714285714,225674,4348,167,1199999.9999999998,93778,3427
periodic_reoptimization,19,1,57142.85714285714,226353,4600,201,57142.85714285714,4600,201
periodic_reoptimization,19,2,57142.85714285714,225255,4592,183,114285.71428571426,9192,384
periodic_reoptimization,19,3,57142.85714285714,224982,4453,172,171428.5714285714,13645,556
periodic_reoptimization,19,4,57142.857142857145,235261,4211,160,228571.42857142852,17856,716
periodic_reoptimization,19,5,57142.857142857145,234857,4284,185,285714.2857142857,22140,901
periodic_reoptimization,19,6,57142.857142857145,235791,3942,168,342857.14285714284,26082,1069
periodic_reoptimization,19,7,57142.857142857145,218221,4231,124,400000.0,30313,1193
periodic_reoptimization,19,8,57142.857142857145,218025,4498,155,457142.85714285716,34811,1348
periodic_reoptimization,19,9,57142.857142857145,217767,4409,152,514285.7142857143,39220,1500
periodic_reoptimization,19,10,57142.85714285714,217568,4505,167,571428.5714285714,43725,1667
periodic_reoptimization,19,11,57142.857142857145,218567,4289,162,628571.4285714285,48014,1829
periodic_reoptimization,19,12,57142.857142857145,217913,4407,166,685714.2857142857,52421,1995
periodic_reoptimization,19,13,57142.857142857145,222417,4123,174,742857.1428571427,56544,2169
periodic_reoptimization,19,14,57142.857142857145,223359,3991,138,799999.9999999998,60535,2307
periodic_reoptimization,19,15,57142.857142857145,223208,4348,178,857142.8571428568,64883,2485
periodic_reoptimization,19,16,57142.857142857196,224376,4250,155,914285.7142857141,69133,2640
periodic_reoptimization,19,17,57142.85714285718,224632,4440,160,971428.5714285712,73573,2800
periodic_reoptimization,19,18,57142.85714285719,224511,4465,169,1028571.4285714284,78038,2969
periodic_reoptimization,19,19,57142.857142857196,222601,4202,156,1085714.2857142854,82240,3125
periodic_reoptimization,19,20,57142.8571428572,221969,4234,156,1142857.1428571425,86474,3281
periodic_reoptimization,19,21,57142.8571428572,223304,4179,176,1199999.9999999995,90653,3457
thompson_sampling,19,1,57142.857142857145,219247,4138,190,57142.857142857145,4138,190
thompson_sampling,19,2,57142.857142857145,201101,4009,151,114285.71428571429,8147,341
thompson_sampling,19,3,57142.85714285714,149682,4336,160,171428.57142857142,12483,501
thompson_sampling,19,4,57142.857142857145,197204,4439,168,228571.42857142858,16922,669
thompson_sampling,19,5,57142.85714285714,162080,4170,142,285714.28571428574,21092,811
thompson_sampling,19,6,57142.857142857145,194865,4125,144,342857.1428571429,25217,955
thompson_sampling,19,7,57142.85714285714,178685,4571,150,400000.00000000006,29788,1105
thompson_sampling,19,8,57142.857142857145,169814,4260,131,457142.8571428572,34048,1236
thompson_sampling,19,9,57142.85714285713,169471,4228,148,514285.7142857143,38276,1384
thompson_sampling,19,10,57142.85714285714,202181,4261,128,571428.5714285715,42537,1512
thompson_sampling,19,11,57142.85714285714,225031,4059,100,628571.4285714286,46596,1612
thompson_sampling,19,12,57142.85714285714,251093,4637,119,685714.2857142858,51233,1731
thompson_sampling,19,13,57142.85714285713,214808,4635,177,742857.142857143,55868,1908
thompson_sampling,19,14,57142.85714285713,229015,4444,149,800000.0000000001,60312,2057
thompson_sampling,19,15,57142.85714285712,204063,4434,146,857142.8571428573,64746,2203
thompson_sampling,19,16,57142.85714285712,232287,4659,174,914285.7142857144,69405,2377
thompson_sampling,19,17,57142.857142857116,232349,4695,148,971428.5714285716,74100,2525
thompson_sampling,19,18,57142.8571428571,255790,4424,159,1028571.4285714286,78524,2684
thompson_sampling,19,19,57142.85714285712,229528,4642,148,1085714.2857142857,83166,2832
thompson_sampling,19,20,57142.85714285716,237919,4865,170,1142857.1428571427,88031,3002
thompson_sampling,19,21,57142.857142857276,232301,4648,152,1200000.0,92679,3154
linucb,19,1,57142.857142857145,244433,4232,177,57142.857142857145,4232,177
linucb,19,2,57142.857142857145,263848,3963,201,114285.71428571429,8195,378
linucb,19,3,57142.85714285714,263089,3969,181,171428.57142857142,12164,559
linucb,19,4,57142.857142857145,263942,3979,174,228571.42857142858,16143,733
linucb,19,5,57142.85714285714,263683,4014,163,285714.28571428574,20157,896
linucb,19,6,57142.857142857145,205923,4531,148,342857.1428571429,24688,1044
linucb,19,7,57142.85714285714,222215,4258,140,400000.00000000006,28946,1184
linucb,19,8,57142.857142857145,243869,4077,159,457142.8571428572,33023,1343
linucb,19,9,57142.85714285713,243762,4204,159,514285.7142857143,37227,1502
linucb,19,10,57142.85714285714,244191,4217,162,571428.5714285715,41444,1664
linucb,19,11,57142.85714285714,244315,4351,174,628571.4285714286,45795,1838
linucb,19,12,57142.85714285714,263177,4051,192,685714.2857142858,49846,2030
linucb,19,13,57142.85714285713,221805,4242,148,742857.142857143,54088,2178
linucb,19,14,57142.85714285713,221991,4169,162,800000.0000000001,58257,2340
linucb,19,15,57142.85714285712,264202,3925,184,857142.8571428573,62182,2524
linucb,19,16,57142.85714285712,250597,4090,164,914285.7142857144,66272,2688
linucb,19,17,57142.857142857116,228185,4377,180,971428.5714285716,70649,2868
linucb,19,18,57142.8571428571,245051,4309,178,1028571.4285714286,74958,3046
linucb,19,19,57142.85714285712,244248,4237,177,1085714.2857142857,79195,3223
linucb,19,20,57142.85714285716,222157,4185,168,1142857.1428571427,83380,3391
linucb,19,21,57142.857142857276,228849,4088,146,1200000.0,87468,3537
oracle,19,1,57142.857142857145,273181,4285,206,57142.857142857145,4285,206
oracle,19,2,57142.857142857145,272602,4297,202,114285.71428571429,8582,408
oracle,19,3,57142.85714285714,271787,4075,157,171428.57142857142,12657,565
oracle,19,4,57142.857142857145,273110,4175,183,228571.42857142858,16832,748
oracle,19,5,57142.85714285714,273509,4207,157,285714.28571428574,21039,905
oracle,19,6,57142.857142857145,271937,3717,140,342857.1428571429,24756,1045
oracle,19,7,57142.85714285714,272088,3774,148,400000.00000000006,28530,1193
oracle,19,8,57142.857142857145,272798,4104,151,457142.8571428572,32634,1344
oracle,19,9,57142.85714285713,272868,4289,169,514285.7142857143,36923,1513
oracle,19,10,57142.85714285714,273238,4227,161,571428.5714285715,41150,1674
oracle,19,11,57142.85714285714,272117,4424,199,628571.4285714286,45574,1873
oracle,19,12,57142.85714285714,273095,4133,158,685714.2857142858,49707,2031
oracle,19,13,57142.85714285713,272338,3740,166,742857.142857143,53447,2197
oracle,19,14,57142.85714285713,273716,3719,144,800000.0000000001,57166,2341
oracle,19,15,57142.85714285712,273432,4123,166,857142.8571428573,61289,2507
oracle,19,16,57142.85714285712,272733,4218,186,914285.7142857144,65507,2693
oracle,19,17,57142.857142857116,272323,4151,159,971428.5714285716,69658,2852
oracle,19,18,57142.8571428571,272874,4120,176,1028571.4285714286,73778,3028
oracle,19,19,57142.85714285712,272233,4103,159,1085714.2857142857,77881,3187
oracle,19,20,57142.857142857145,272501,3724,132,1142857.1428571427,81605,3319
oracle,19,21,57142.857142857145,272207,3670,168,1199999.9999999998,85275,3487
